{
  "recently_viewed": [
    {
      "name": "Videos you've watched",
      "description": "Videos you've watched in the last 90 days.",
      "entries": [
        {
          "timestamp": 1643050123,
          "data": {
            "name": "Sukhwinder Singh's video ",
            "uri": "https://www.facebook.com/permalink.php?story_fbid=3194243127369699&id=130727187054657"
          }
        },
        {
          "timestamp": 1643049856,
          "data": {
            "name": "Ullu's video ",
            "uri": "https://www.facebook.com/Ulluappnow/posts/500463544065186"
          }
        },
        {
          "timestamp": 1643049554,
          "data": {
            "name": "Punjabi no 1's video ",
            "uri": "https://www.facebook.com/permalink.php?story_fbid=275160451087595&id=107333294536979"
          }
        },
        {
          "timestamp": 1643049262,
          "data": {
            "name": "T-Series Apna Punjab's video: Lambarghinii - Barbie Maan - Mista Baaz",
            "uri": "https://www.facebook.com/tseriesapnapunjab/posts/4293190294112347"
          }
        },
        {
          "timestamp": 1643049079,
          "data": {
            "name": "Munni Xxx's video ",
            "uri": "https://www.facebook.com/permalink.php?story_fbid=100428049218190&id=100406302553698"
          }
        },
        {
          "timestamp": 1643048889,
          "data": {
            "name": "Zubair Riaz's video ",
            "uri": "https://www.facebook.com/ZubairRiaaz/videos/4980271378685502/"
          }
        },
        {
          "timestamp": 1643048831,
          "data": {
            "name": "BSports Pk's video: Legends League Cricket - Asia Lions vs India Maharajas - 24 Jan 2022",
            "uri": "https://www.facebook.com/bsportspk/videos/659710825065540/"
          }
        },
        {
          "timestamp": 1643048824,
          "data": {
            "name": "BSports Pk's video: Legends League Cricket - Asia Lions vs India Maharajas - 24 Jan 2022",
            "uri": "https://www.facebook.com/bsportspk/videos/659710825065540/"
          }
        },
        {
          "timestamp": 1643048773,
          "data": {
            "name": "BSports Pk's video: Legends League Cricket - Asia Lions vs India Maharajas - 24 Jan 2022",
            "uri": "https://www.facebook.com/bsportspk/videos/659710825065540/"
          }
        },
        {
          "timestamp": 1643048761,
          "data": {
            "name": "BSports Pk's video: Legends League Cricket - Asia Lions vs India Maharajas - 24 Jan 2022",
            "uri": "https://www.facebook.com/bsportspk/videos/659710825065540/"
          }
        },
        {
          "timestamp": 1643048750,
          "data": {
            "name": "BSports Pk's video: Legends League Cricket - Asia Lions vs India Maharajas - 24 Jan 2022",
            "uri": "https://www.facebook.com/bsportspk/videos/659710825065540/"
          }
        },
        {
          "timestamp": 1643048748,
          "data": {
            "name": "BSports Pk's video: Legends League Cricket - Asia Lions vs India Maharajas - 24 Jan 2022",
            "uri": "https://www.facebook.com/bsportspk/videos/659710825065540/"
          }
        },
        {
          "timestamp": 1643048732,
          "data": {
            "name": "BSports Pk's video: Legends League Cricket - Asia Lions vs India Maharajas - 24 Jan 2022",
            "uri": "https://www.facebook.com/bsportspk/videos/659710825065540/"
          }
        },
        {
          "timestamp": 1643048721,
          "data": {
            "name": "BSports Pk's video: Legends League Cricket - Asia Lions vs India Maharajas - 24 Jan 2022",
            "uri": "https://www.facebook.com/bsportspk/videos/659710825065540/"
          }
        },
        {
          "timestamp": 1643048712,
          "data": {
            "name": "BSports Pk's video: Legends League Cricket - Asia Lions vs India Maharajas - 24 Jan 2022",
            "uri": "https://www.facebook.com/bsportspk/videos/659710825065540/"
          }
        },
        {
          "timestamp": 1643048642,
          "data": {
            "name": "\u00e0\u00a6\u00ac\u00e0\u00a6\u00bf\u00e0\u00a7\u009f\u00e0\u00a7\u0087\u00e0\u00a6\u0097\u00e0\u00a6\u00b2\u00e0\u00a7\u008d\u00e0\u00a6\u00aa - biyegolpo's video ",
            "uri": "https://www.facebook.com/biyegolpo/posts/870280130069966"
          }
        },
        {
          "timestamp": 1643048321,
          "data": {
            "name": "Zee Music Company's video: Zoom Zoom - Radhe - Your Most Wanted Bhai (Making) - Ash King - Iulia Vantur - Sajid Wajid",
            "uri": "https://www.facebook.com/zeemusiccompany/posts/3087066631527251"
          }
        },
        {
          "timestamp": 1643048187,
          "data": {
            "name": "Muhammad Samie Official's video ",
            "uri": "https://www.facebook.com/permalink.php?story_fbid=2840992329561167&id=1861046044222472"
          }
        },
        {
          "timestamp": 1643048143,
          "data": {
            "name": "Muhammad Samie Official's video ",
            "uri": "https://www.facebook.com/permalink.php?story_fbid=2840992329561167&id=1861046044222472"
          }
        },
        {
          "timestamp": 1643047850,
          "data": {
            "name": "P \u00ca\u0080 \u00e1\u00b4\u008f \u00e1\u00b4\u008d \u00c9\u00aa s \u00e1\u00b4\u0087's video ",
            "uri": "https://www.facebook.com/Promise69xd/posts/437363687980276"
          }
        },
        {
          "timestamp": 1643047850,
          "data": {
            "name": "Muhammad Samie Official's video ",
            "uri": "https://www.facebook.com/permalink.php?story_fbid=2840992329561167&id=1861046044222472"
          }
        },
        {
          "timestamp": 1643047570,
          "data": {
            "name": "T-Series Apna Punjab's video: Follow: Nawab (Full Song) Mista Baaz | Korwalia Maan | Latest Punjabi Songs 2018",
            "uri": "https://www.facebook.com/tseriesapnapunjab/videos/457161801807228/"
          }
        },
        {
          "timestamp": 1643047547,
          "data": {
            "name": "T-Series Apna Punjab's video: Follow: Nawab (Full Song) Mista Baaz | Korwalia Maan | Latest Punjabi Songs 2018",
            "uri": "https://www.facebook.com/tseriesapnapunjab/videos/457161801807228/"
          }
        },
        {
          "timestamp": 1643047139,
          "data": {
            "name": "Theworldcricket.com's video: Manikpara Champions Trophy 2022 Day-2 All Matches LIVE | Venue: Manikpara, Jhargram",
            "uri": "https://www.facebook.com/theworldcricketdotcom/videos/3135639316764201/"
          }
        },
        {
          "timestamp": 1641981624,
          "data": {
            "name": "Ssunny Ssunny's video ",
            "uri": "https://www.facebook.com/permalink.php?story_fbid=332733215358797&id=100058663622713"
          }
        },
        {
          "timestamp": 1641980736,
          "data": {
            "name": "Pinky Singh's video ",
            "uri": "https://www.facebook.com/asraf.rahi.18/posts/289408346546032"
          }
        },
        {
          "timestamp": 1641980483,
          "data": {
            "name": "Ikram Shahh's video ",
            "uri": "https://www.facebook.com/ikram.pathan.549/posts/3099894216966047"
          }
        },
        {
          "timestamp": 1641979812,
          "data": {
            "name": "M\u00c3\u00a1 S\u00c3\u00b9m's video ",
            "uri": "https://www.facebook.com/permalink.php?story_fbid=260415836074761&id=100063190394834"
          }
        },
        {
          "timestamp": 1641979280,
          "data": {
            "name": "Poonam Bajwa's video: They Are So Kind \u00f0\u009f\u0099\u008c\u00f0\u009f\u0091\u008f\u00f0\u009f\u0099\u008f\u00f0\u009f\u0099\u008f",
            "uri": "https://www.facebook.com/PoonamBajwaOfficial/videos/426382999194825/"
          }
        },
        {
          "timestamp": 1641040569,
          "data": {
            "name": "T-Series's video: Patakha Guddi (From \"Highway\") - Nooran Sisters | Sultana, Jyoti Nooran, A.R. Rahman | Alia Bhatt, Randeep Hooda",
            "uri": "https://www.facebook.com/tseriesmusic/videos/550397712368756/"
          }
        },
        {
          "timestamp": 1641040569,
          "data": {
            "name": "T-Series Apna Punjab's video: New Punjabi Songs 2019 | Mehmaan: Billa Gill (Full Song) Music Empire | Latest Punjabi Songs 2019",
            "uri": "https://www.facebook.com/tseriesapnapunjab/videos/1095975373942462/"
          }
        },
        {
          "timestamp": 1641040558,
          "data": {
            "name": "T-Series Apna Punjab's video: New Punjabi Songs 2019 | Mehmaan: Billa Gill (Full Song) Music Empire | Latest Punjabi Songs 2019",
            "uri": "https://www.facebook.com/tseriesapnapunjab/videos/1095975373942462/"
          }
        },
        {
          "timestamp": 1641040558,
          "data": {
            "name": "T-Series's video: Patakha Guddi (From \"Highway\") - Nooran Sisters | Sultana, Jyoti Nooran, A.R. Rahman | Alia Bhatt, Randeep Hooda",
            "uri": "https://www.facebook.com/tseriesmusic/videos/550397712368756/"
          }
        },
        {
          "timestamp": 1641040535,
          "data": {
            "name": "T-Series's video: Patakha Guddi (From \"Highway\") - Nooran Sisters | Sultana, Jyoti Nooran, A.R. Rahman | Alia Bhatt, Randeep Hooda",
            "uri": "https://www.facebook.com/tseriesmusic/videos/550397712368756/"
          }
        },
        {
          "timestamp": 1641040529,
          "data": {
            "name": "T-Series's video: Patakha Guddi (From \"Highway\") - Nooran Sisters | Sultana, Jyoti Nooran, A.R. Rahman | Alia Bhatt, Randeep Hooda",
            "uri": "https://www.facebook.com/tseriesmusic/videos/550397712368756/"
          }
        },
        {
          "timestamp": 1641040529,
          "data": {
            "name": "T-Series Apna Punjab's video: New Punjabi Songs 2019 | Mehmaan: Billa Gill (Full Song) Music Empire | Latest Punjabi Songs 2019",
            "uri": "https://www.facebook.com/tseriesapnapunjab/videos/1095975373942462/"
          }
        },
        {
          "timestamp": 1641040272,
          "data": {
            "name": "T-Series Apna Punjab's video: New Punjabi Songs 2019 | Mehmaan: Billa Gill (Full Song) Music Empire | Latest Punjabi Songs 2019",
            "uri": "https://www.facebook.com/tseriesapnapunjab/videos/1095975373942462/"
          }
        },
        {
          "timestamp": 1641040257,
          "data": {
            "name": "T-Series Apna Punjab's video: New Punjabi Songs 2019 | Mehmaan: Billa Gill (Full Song) Music Empire | Latest Punjabi Songs 2019",
            "uri": "https://www.facebook.com/tseriesapnapunjab/videos/1095975373942462/"
          }
        }
      ]
    },
    {
      "name": "Marketplace interactions",
      "description": "Your recent interactions on Marketplace",
      "children": [
        {
          "name": "Marketplace category views",
          "description": "Dates you've viewed specific categories",
          "entries": [
            {
              "data": {
                "value": "17 Dec 2021"
              }
            }
          ]
        },
        {
          "name": "Marketplace shown to you",
          "description": "Dates when the Marketplace tab was shown to you on Facebook",
          "entries": [
            {
              "data": {
                "value": "16 Mar 2022"
              }
            },
            {
              "data": {
                "value": "15 Mar 2022"
              }
            },
            {
              "data": {
                "value": "14 Mar 2022"
              }
            },
            {
              "data": {
                "value": "13 Mar 2022"
              }
            },
            {
              "data": {
                "value": "12 Mar 2022"
              }
            },
            {
              "data": {
                "value": "11 Mar 2022"
              }
            },
            {
              "data": {
                "value": "10 Mar 2022"
              }
            },
            {
              "data": {
                "value": "9 Mar 2022"
              }
            },
            {
              "data": {
                "value": "8 Mar 2022"
              }
            },
            {
              "data": {
                "value": "7 Mar 2022"
              }
            },
            {
              "data": {
                "value": "6 Mar 2022"
              }
            },
            {
              "data": {
                "value": "5 Mar 2022"
              }
            },
            {
              "data": {
                "value": "4 Mar 2022"
              }
            },
            {
              "data": {
                "value": "3 Mar 2022"
              }
            },
            {
              "data": {
                "value": "1 Mar 2022"
              }
            },
            {
              "data": {
                "value": "28 Feb 2022"
              }
            },
            {
              "data": {
                "value": "27 Feb 2022"
              }
            },
            {
              "data": {
                "value": "26 Feb 2022"
              }
            },
            {
              "data": {
                "value": "25 Feb 2022"
              }
            },
            {
              "data": {
                "value": "24 Feb 2022"
              }
            },
            {
              "data": {
                "value": "23 Feb 2022"
              }
            },
            {
              "data": {
                "value": "22 Feb 2022"
              }
            },
            {
              "data": {
                "value": "21 Feb 2022"
              }
            },
            {
              "data": {
                "value": "20 Feb 2022"
              }
            },
            {
              "data": {
                "value": "19 Feb 2022"
              }
            },
            {
              "data": {
                "value": "18 Feb 2022"
              }
            },
            {
              "data": {
                "value": "17 Feb 2022"
              }
            },
            {
              "data": {
                "value": "16 Feb 2022"
              }
            },
            {
              "data": {
                "value": "15 Feb 2022"
              }
            },
            {
              "data": {
                "value": "14 Feb 2022"
              }
            },
            {
              "data": {
                "value": "13 Feb 2022"
              }
            },
            {
              "data": {
                "value": "12 Feb 2022"
              }
            },
            {
              "data": {
                "value": "11 Feb 2022"
              }
            },
            {
              "data": {
                "value": "10 Feb 2022"
              }
            },
            {
              "data": {
                "value": "9 Feb 2022"
              }
            },
            {
              "data": {
                "value": "8 Feb 2022"
              }
            },
            {
              "data": {
                "value": "7 Feb 2022"
              }
            },
            {
              "data": {
                "value": "6 Feb 2022"
              }
            },
            {
              "data": {
                "value": "5 Feb 2022"
              }
            },
            {
              "data": {
                "value": "4 Feb 2022"
              }
            },
            {
              "data": {
                "value": "3 Feb 2022"
              }
            },
            {
              "data": {
                "value": "2 Feb 2022"
              }
            },
            {
              "data": {
                "value": "1 Feb 2022"
              }
            },
            {
              "data": {
                "value": "31 Jan 2022"
              }
            },
            {
              "data": {
                "value": "30 Jan 2022"
              }
            },
            {
              "data": {
                "value": "29 Jan 2022"
              }
            },
            {
              "data": {
                "value": "28 Jan 2022"
              }
            },
            {
              "data": {
                "value": "27 Jan 2022"
              }
            }
          ]
        }
      ]
    },
    {
      "name": "Ads",
      "description": "Ads you've recently viewed",
      "entries": [
        {
          "timestamp": 1648311156,
          "data": {
            "name": "Ad by Sony LIV",
            "uri": "https://www.facebook.com/SonyLIV/posts/5267526553313232"
          }
        },
        {
          "timestamp": 1648295815,
          "data": {
            "name": "Ad by Dream11",
            "uri": "https://www.facebook.com/Dream11/posts/10160158182643881"
          }
        },
        {
          "timestamp": 1648281869,
          "data": {
            "name": "Ad by Dream11",
            "uri": "https://www.facebook.com/Dream11/posts/10160159638093881"
          }
        },
        {
          "timestamp": 1648191530,
          "data": {
            "name": "Ad by Dream11",
            "uri": "https://www.facebook.com/Dream11/posts/10160158182643881"
          }
        },
        {
          "timestamp": 1648179665,
          "data": {
            "name": "Ad by discovery+",
            "uri": "https://www.facebook.com/discoveryplusIN/posts/518480013058732"
          }
        },
        {
          "timestamp": 1648179660,
          "data": {
            "name": "Ad by Dream11",
            "uri": "https://www.facebook.com/Dream11/posts/10160158182643881"
          }
        },
        {
          "timestamp": 1648179414,
          "data": {
            "name": "Ad by Disney+ Hotstar India",
            "uri": "https://www.facebook.com/DisneyPlusHotstarIN/posts/1004818450193231"
          }
        },
        {
          "timestamp": 1648139305,
          "data": {
            "name": "Ad by Sony LIV",
            "uri": "https://www.facebook.com/SonyLIV/posts/5267526779979876"
          }
        },
        {
          "timestamp": 1648098901,
          "data": {
            "name": "Ad by Disney+ Hotstar India",
            "uri": "https://www.facebook.com/DisneyPlusHotstarIN/posts/1003504643657945"
          }
        }
      ]
    }
  ]
}