{
  "visited_things_v2": [
    {
      "name": "Profile visits",
      "description": "People whose profiles you've visited",
      "entries": [
        {
          "timestamp": 1643294775,
          "data": {
            "name": "Prateek Rastogi",
            "uri": "https://www.facebook.com/profile.php?id=100076043173780"
          }
        },
        {
          "timestamp": 1641176341,
          "data": {
            "name": "Yan Nie Domma",
            "uri": "https://www.facebook.com/profile.php?id=100071141749074"
          }
        },
        {
          "timestamp": 1641176340,
          "data": {
            "name": "Muskan Kumari",
            "uri": "https://www.facebook.com/profile.php?id=100076490711671"
          }
        },
        {
          "timestamp": 1641176340,
          "data": {
            "name": "Azalandra Danstar",
            "uri": "https://www.facebook.com/profile.php?id=100069930587101"
          }
        }
      ]
    },
    {
      "name": "Marketplace visits",
      "description": "Dates you've visited Marketplace",
      "entries": [
        {
          "data": {
            "value": "19 Dec 2021"
          }
        },
        {
          "data": {
            "value": "17 Dec 2021"
          }
        }
      ]
    }
  ]
}