{
  "used_ip_address_v2": [
    {
      "ip": "2402:3a80:120c:3b19:75d9:10a9:3e3c:8216",
      "action": "Login",
      "timestamp": 1648391280,
      "user_agent": "Mozilla/5.0 (Windows NT 10.0; Win64; x64) AppleWebKit/537.36 (KHTML, like Gecko) Chrome/98.0.4758.119 Safari/537.36"
    },
    {
      "ip": "1.38.188.65",
      "action": "Login",
      "timestamp": 1648318909,
      "user_agent": "Mozilla/5.0 (Windows NT 10.0; Win64; x64) AppleWebKit/537.36 (KHTML, like Gecko) Chrome/98.0.4758.119 Safari/537.36"
    },
    {
      "ip": "2405:0204:138a:7a0e:3056:7ebc:de3e:16c3",
      "action": "Login",
      "timestamp": 1648193295,
      "user_agent": "Mozilla/5.0 (Windows NT 10.0; Win64; x64) AppleWebKit/537.36 (KHTML, like Gecko) Chrome/96.0.4664.174 Safari/537.36"
    },
    {
      "ip": "2405:0204:1380:b54f:0000:0000:10dd:20a5",
      "action": "Login",
      "timestamp": 1648179412,
      "user_agent": "Mozilla/5.0 (Linux; Android 12; SM-G985F Build/SP1A.210812.016) AppleWebKit/537.36 (KHTML, like Gecko) Chrome/99.0.4844.73 Mobile Safari/537.36 OPT/2.9"
    },
    {
      "ip": "2402:8100:26d0:b785:c1c6:4417:2fd0:2ed7",
      "action": "Login",
      "timestamp": 1648146299,
      "user_agent": "Mozilla/5.0 (Windows NT 10.0; Win64; x64) AppleWebKit/537.36 (KHTML, like Gecko) Chrome/96.0.4664.174 Safari/537.36"
    },
    {
      "ip": "2402:3a80:1b27:e7f1:8545:e9ef:92a8:ea1a",
      "action": "Login",
      "timestamp": 1648033451,
      "user_agent": "Mozilla/5.0 (Windows NT 10.0; Win64; x64) AppleWebKit/537.36 (KHTML, like Gecko) Chrome/96.0.4664.174 Safari/537.36"
    },
    {
      "ip": "2409:4050:0e08:d911:8545:e9ef:92a8:ea1a",
      "action": "Login",
      "timestamp": 1648028950,
      "user_agent": "Mozilla/5.0 (Windows NT 10.0; Win64; x64) AppleWebKit/537.36 (KHTML, like Gecko) Chrome/96.0.4664.174 Safari/537.36"
    },
    {
      "ip": "2409:4050:2ebb:46d3:2938:358a:294f:cf80",
      "action": "Login",
      "timestamp": 1648015618,
      "user_agent": "Mozilla/5.0 (Windows NT 10.0; Win64; x64) AppleWebKit/537.36 (KHTML, like Gecko) Chrome/96.0.4664.174 Safari/537.36"
    },
    {
      "ip": "2402:3a80:122e:dacc:0532:6a5e:b22e:1db2",
      "action": "Login",
      "timestamp": 1647902703,
      "user_agent": "Mozilla/5.0 (Windows NT 10.0; Win64; x64) AppleWebKit/537.36 (KHTML, like Gecko) Chrome/96.0.4664.174 Safari/537.36"
    },
    {
      "ip": "2402:3a80:1233:697b:2cc2:b5f9:5b5a:bd46",
      "action": "Login",
      "timestamp": 1647747753,
      "user_agent": "Mozilla/5.0 (Windows NT 10.0; Win64; x64) AppleWebKit/537.36 (KHTML, like Gecko) Chrome/96.0.4664.174 Safari/537.36"
    },
    {
      "ip": "2409:4050:2db8:60f9:2cc2:b5f9:5b5a:bd46",
      "action": "Login",
      "timestamp": 1647746415,
      "user_agent": "Mozilla/5.0 (Windows NT 10.0; Win64; x64) AppleWebKit/537.36 (KHTML, like Gecko) Chrome/96.0.4664.174 Safari/537.36"
    },
    {
      "ip": "2402:3a80:1b26:a37b:9d40:d122:d9ac:93a2",
      "action": "Login",
      "timestamp": 1647737632,
      "user_agent": "Mozilla/5.0 (Windows NT 10.0; Win64; x64) AppleWebKit/537.36 (KHTML, like Gecko) Chrome/96.0.4664.174 Safari/537.36"
    },
    {
      "ip": "2402:3a80:123a:586a:b060:dad5:cc5e:91d6",
      "action": "Login",
      "timestamp": 1647724646,
      "user_agent": "Mozilla/5.0 (Windows NT 10.0; Win64; x64) AppleWebKit/537.36 (KHTML, like Gecko) Chrome/96.0.4664.174 Safari/537.36"
    },
    {
      "ip": "2402:8100:2028:b6b5:2df4:025b:096c:375e",
      "action": "Login",
      "timestamp": 1647681780,
      "user_agent": "Mozilla/5.0 (Windows NT 10.0; Win64; x64) AppleWebKit/537.36 (KHTML, like Gecko) Chrome/96.0.4664.174 Safari/537.36"
    },
    {
      "ip": "2409:4050:2e48:4d11:2df4:025b:096c:375e",
      "action": "Login",
      "timestamp": 1647681209,
      "user_agent": "Mozilla/5.0 (Windows NT 10.0; Win64; x64) AppleWebKit/537.36 (KHTML, like Gecko) Chrome/96.0.4664.174 Safari/537.36"
    },
    {
      "ip": "106.67.59.115",
      "action": "Login",
      "timestamp": 1647583474,
      "user_agent": "Mozilla/5.0 (Windows NT 10.0; Win64; x64) AppleWebKit/537.36 (KHTML, like Gecko) Chrome/96.0.4664.174 Safari/537.36"
    },
    {
      "ip": "2402:8100:2011:b732:d55c:f696:2277:95e1",
      "action": "Login",
      "timestamp": 1647582546,
      "user_agent": "Mozilla/5.0 (Windows NT 10.0; Win64; x64) AppleWebKit/537.36 (KHTML, like Gecko) Chrome/96.0.4664.174 Safari/537.36"
    },
    {
      "ip": "2409:4050:2e3c:e8e8:d845:99d6:45a1:fcb5",
      "action": "Login",
      "timestamp": 1647561584,
      "user_agent": "Mozilla/5.0 (Windows NT 10.0; Win64; x64) AppleWebKit/537.36 (KHTML, like Gecko) Chrome/96.0.4664.174 Safari/537.36"
    },
    {
      "ip": "2409:4050:2e32:54f1:0000:0000:4f49:1b03",
      "action": "Login",
      "timestamp": 1647540726,
      "user_agent": "Mozilla/5.0 (Linux; Android 12; SM-G985F Build/SP1A.210812.016) AppleWebKit/537.36 (KHTML, like Gecko) Chrome/99.0.4844.73 Mobile Safari/537.36 OPT/2.9"
    },
    {
      "ip": "2402:3a80:1be9:bd0a:0000:0000:9c80:8ba7",
      "action": "Login",
      "timestamp": 1647517698,
      "user_agent": "Mozilla/5.0 (Linux; Android 12; SM-G985F Build/SP1A.210812.016) AppleWebKit/537.36 (KHTML, like Gecko) Chrome/99.0.4844.73 Mobile Safari/537.36 OPT/2.9"
    },
    {
      "ip": "2405:0204:1219:7754:f894:36c8:af95:cf19",
      "action": "Login",
      "timestamp": 1647400530,
      "user_agent": "Mozilla/5.0 (Windows NT 10.0; Win64; x64) AppleWebKit/537.36 (KHTML, like Gecko) Chrome/96.0.4664.174 Safari/537.36"
    },
    {
      "ip": "2409:4050:0ebc:1704:0000:0000:4f89:f90f",
      "action": "Login",
      "timestamp": 1647310658,
      "user_agent": "Mozilla/5.0 (Linux; Android 12; SM-G985F Build/SP1A.210812.016) AppleWebKit/537.36 (KHTML, like Gecko) Chrome/98.0.4758.101 Mobile Safari/537.36 OPT/2.9"
    },
    {
      "ip": "2402:3a80:1809:bd40:c5d8:a109:6e26:0ae0",
      "action": "Login",
      "timestamp": 1647288766,
      "user_agent": "Mozilla/5.0 (Windows NT 10.0; Win64; x64) AppleWebKit/537.36 (KHTML, like Gecko) Chrome/96.0.4664.174 Safari/537.36"
    },
    {
      "ip": "2409:4050:0eb8:f2d9:b87c:0e96:fbd8:0022",
      "action": "Login",
      "timestamp": 1647264168,
      "user_agent": "Mozilla/5.0 (Windows NT 10.0; Win64; x64) AppleWebKit/537.36 (KHTML, like Gecko) Chrome/96.0.4664.174 Safari/537.36"
    },
    {
      "ip": "2402:8100:200f:1b94:b0c5:4553:f3e4:b8bc",
      "action": "Login",
      "timestamp": 1647200280,
      "user_agent": "Mozilla/5.0 (Windows NT 10.0; Win64; x64) AppleWebKit/537.36 (KHTML, like Gecko) Chrome/96.0.4664.174 Safari/537.36"
    },
    {
      "ip": "2409:4050:2db4:7db4:0000:0000:4fc9:8714",
      "action": "Login",
      "timestamp": 1647179880,
      "user_agent": "Mozilla/5.0 (Linux; Android 12; SM-G985F Build/SP1A.210812.016) AppleWebKit/537.36 (KHTML, like Gecko) Chrome/98.0.4758.101 Mobile Safari/537.36 OPT/2.9"
    },
    {
      "ip": "2409:4050:2eb5:8e05:0000:0000:4fc9:3c00",
      "action": "Login",
      "timestamp": 1647100605,
      "user_agent": "Mozilla/5.0 (Linux; Android 12; SM-G985F Build/SP1A.210812.016) AppleWebKit/537.36 (KHTML, like Gecko) Chrome/98.0.4758.101 Mobile Safari/537.36 OPT/2.9"
    },
    {
      "ip": "2402:3a80:1b21:ddb8:0000:0049:dc4d:eb01",
      "action": "Login",
      "timestamp": 1647003730,
      "user_agent": "Mozilla/5.0 (Linux; Android 12; SM-G985F Build/SP1A.210812.016) AppleWebKit/537.36 (KHTML, like Gecko) Chrome/98.0.4758.101 Mobile Safari/537.36 OPT/2.9"
    },
    {
      "ip": "2405:0204:3218:c2e5:5d41:e93a:042e:63e3",
      "action": "Login",
      "timestamp": 1647001446,
      "user_agent": "Mozilla/5.0 (Windows NT 10.0; Win64; x64) AppleWebKit/537.36 (KHTML, like Gecko) Chrome/96.0.4664.174 Safari/537.36"
    },
    {
      "ip": "2402:3a80:122d:60c4:0000:001e:3904:cc01",
      "action": "Login",
      "timestamp": 1646943335,
      "user_agent": "Mozilla/5.0 (Linux; Android 12; SM-G985F Build/SP1A.210812.016) AppleWebKit/537.36 (KHTML, like Gecko) Chrome/98.0.4758.101 Mobile Safari/537.36 OPT/2.9"
    },
    {
      "ip": "2402:3a80:1b21:5df3:0000:0011:ab53:8d01",
      "action": "Login",
      "timestamp": 1646938820,
      "user_agent": "Mozilla/5.0 (Linux; Android 12; SM-G985F Build/SP1A.210812.016) AppleWebKit/537.36 (KHTML, like Gecko) Chrome/98.0.4758.101 Mobile Safari/537.36 OPT/2.9"
    },
    {
      "ip": "2405:0204:3210:9140:0000:0000:20df:40b0",
      "action": "Login",
      "timestamp": 1646852177,
      "user_agent": "Mozilla/5.0 (Linux; Android 12; SM-G985F Build/SP1A.210812.016) AppleWebKit/537.36 (KHTML, like Gecko) Chrome/98.0.4758.101 Mobile Safari/537.36 OPT/2.9"
    },
    {
      "ip": "2405:0204:3212:6e1c:0000:0000:2473:88b0",
      "action": "Login",
      "timestamp": 1646834501,
      "user_agent": "Mozilla/5.0 (Linux; Android 12; SM-G985F Build/SP1A.210812.016) AppleWebKit/537.36 (KHTML, like Gecko) Chrome/98.0.4758.101 Mobile Safari/537.36 OPT/2.9"
    },
    {
      "ip": "2402:3a80:120d:ca5d:0000:0015:cd6f:6b01",
      "action": "Login",
      "timestamp": 1646761429,
      "user_agent": "Mozilla/5.0 (Linux; Android 12; SM-G985F Build/SP1A.210812.016) AppleWebKit/537.36 (KHTML, like Gecko) Chrome/98.0.4758.101 Mobile Safari/537.36 OPT/2.9"
    },
    {
      "ip": "2402:3a80:180f:5233:0000:0017:4912:1101",
      "action": "Login",
      "timestamp": 1646738904,
      "user_agent": "Mozilla/5.0 (Linux; Android 12; SM-G985F Build/SP1A.210812.016) AppleWebKit/537.36 (KHTML, like Gecko) Chrome/98.0.4758.101 Mobile Safari/537.36 OPT/2.9"
    },
    {
      "ip": "2402:3a80:121f:d8ce:0000:0022:9d98:1e01",
      "action": "Login",
      "timestamp": 1646658977,
      "user_agent": "Mozilla/5.0 (Linux; Android 12; SM-G985F Build/SP1A.210812.016) AppleWebKit/537.36 (KHTML, like Gecko) Chrome/98.0.4758.101 Mobile Safari/537.36 OPT/2.9"
    },
    {
      "ip": "2405:0204:321f:4d66:0000:0000:2aef:48a5",
      "action": "Login",
      "timestamp": 1646592472,
      "user_agent": "Mozilla/5.0 (Linux; Android 12; SM-G985F Build/SP1A.210812.016) AppleWebKit/537.36 (KHTML, like Gecko) Chrome/98.0.4758.101 Mobile Safari/537.36 OPT/2.9"
    },
    {
      "ip": "2405:0204:148d:0967:0000:0000:2ac9:48a5",
      "action": "Login",
      "timestamp": 1646304245,
      "user_agent": "Mozilla/5.0 (Linux; Android 12; SM-G985F Build/SP1A.210812.016) AppleWebKit/537.36 (KHTML, like Gecko) Chrome/98.0.4758.101 Mobile Safari/537.36 OPT/2.9"
    },
    {
      "ip": "2402:3a80:1805:6ed9:0000:0000:5117:5601",
      "action": "Login",
      "timestamp": 1645948220,
      "user_agent": "Mozilla/5.0 (Linux; Android 12; SM-G985F Build/SP1A.210812.016) AppleWebKit/537.36 (KHTML, like Gecko) Chrome/98.0.4758.101 Mobile Safari/537.36 OPT/2.9"
    },
    {
      "ip": "2402:8100:2010:8987:0000:0000:3028:638d",
      "action": "Login",
      "timestamp": 1645936751,
      "user_agent": "Mozilla/5.0 (Linux; arm_64; Android 12; SM-G985F) AppleWebKit/537.36 (KHTML, like Gecko) Chrome/96.0.4664.174 Mobile Safari/537.36"
    },
    {
      "ip": "2405:0204:130c:c3ce:0000:0000:102a:b8a1",
      "action": "Login",
      "timestamp": 1643341040,
      "user_agent": "Mozilla/5.0 (Linux; Android 12; SM-G985F Build/SP1A.210812.016) AppleWebKit/537.36 (KHTML, like Gecko) Chrome/97.0.4692.98 Mobile Safari/537.36 OPT/2.9"
    },
    {
      "ip": "45.251.51.153",
      "action": "Login",
      "timestamp": 1643314539,
      "user_agent": "Dalvik/2.1.0 (Linux; U; Android 12; SM-G985F Build/SP1A.210812.016) [FBAN/FB4A;FBAV/350.1.0.29.106;FBPN/com.facebook.katana;FBLC/en_IN;FBBV/345721197;FBCR/Jio 4G;FBMF/samsung;FBBD/samsung;FBDV/SM-G985F;FBSV/12;FBCA/arm64-v8a:null;FBDM/{density=3.75,width=1440,height=3047};FB_FW/1;FBRV/347205080;]"
    },
    {
      "ip": "116.206.159.135",
      "action": "Login",
      "timestamp": 1642796898,
      "user_agent": "Mozilla/5.0 (Windows NT 10.0; Win64; x64) AppleWebKit/537.36 (KHTML, like Gecko) Chrome/96.0.4664.110 Safari/537.36"
    },
    {
      "ip": "8.26.180.62",
      "action": "Login",
      "timestamp": 1642048229,
      "user_agent": "Mozilla/5.0 (Windows NT 10.0; Win64; x64) AppleWebKit/537.36 (KHTML, like Gecko) Chrome/94.0.4606.85 Safari/537.36"
    },
    {
      "ip": "8.42.172.129",
      "action": "Login",
      "timestamp": 1641758132,
      "user_agent": "Mozilla/5.0 (Windows NT 10.0; Win64; x64) AppleWebKit/537.36 (KHTML, like Gecko) Chrome/94.0.4606.85 Safari/537.36"
    },
    {
      "ip": "8.17.206.159",
      "action": "Login",
      "timestamp": 1641668000,
      "user_agent": "Mozilla/5.0 (Windows NT 10.0; Win64; x64) AppleWebKit/537.36 (KHTML, like Gecko) Chrome/94.0.4606.85 Safari/537.36"
    },
    {
      "ip": "2a09:bac0:0202:0000:0000:0000:0811:cecc",
      "action": "Login",
      "timestamp": 1641411690,
      "user_agent": "Dalvik/2.1.0 (Linux; U; Android 11; SM-G985F Build/RP1A.200720.012) [FBAN/FB4A;FBAV/348.0.0.39.118;FBPN/com.facebook.katana;FBLC/en_IN;FBBV/338919009;FBCR/JIO 4G;FBMF/samsung;FBBD/samsung;FBDV/SM-G985F;FBSV/11;FBCA/arm64-v8a:null;FBDM/{density=3.75,width=1440,height=2923};FB_FW/1;FBRV/342959842;]"
    },
    {
      "ip": "8.34.69.40",
      "action": "Login",
      "timestamp": 1641235169,
      "user_agent": "Mozilla/5.0 (Windows NT 10.0; Win64; x64) AppleWebKit/537.36 (KHTML, like Gecko) Chrome/94.0.4606.85 Safari/537.36"
    },
    {
      "ip": "45.251.48.189",
      "action": "Login",
      "timestamp": 1641175814,
      "user_agent": "Dalvik/2.1.0 (Linux; U; Android 11; SM-G985F Build/RP1A.200720.012) [FBAN/FB4A;FBAV/348.0.0.39.118;FBPN/com.facebook.katana;FBLC/en_IN;FBBV/338919009;FBCR/JIO 4G;FBMF/samsung;FBBD/samsung;FBDV/SM-G985F;FBSV/11;FBCA/arm64-v8a:null;FBDM/{density=3.75,width=1440,height=2923};FB_FW/1;FBRV/342420275;]"
    },
    {
      "ip": "2409:4050:0e1e:3cbd:0000:0000:4f49:e90c",
      "action": "Login",
      "timestamp": 1640628197,
      "user_agent": "Dalvik/2.1.0 (Linux; U; Android 11; SM-G985F Build/RP1A.200720.012) [FBAN/FB4A;FBAV/348.0.0.39.118;FBPN/com.facebook.katana;FBLC/en_GB;FBBV/338919009;FBCR/JIO 4G;FBMF/samsung;FBBD/samsung;FBDV/SM-G985F;FBSV/11;FBCA/arm64-v8a:null;FBDM/{density=3.75,width=1440,height=2923};FB_FW/1;FBRV/341295084;]"
    },
    {
      "ip": "103.77.2.19",
      "action": "Login",
      "timestamp": 1639772019,
      "user_agent": "Dalvik/2.1.0 (Linux; U; Android 11; SM-G985F Build/RP1A.200720.012) [FBAN/FB4A;FBAV/348.0.0.39.118;FBPN/com.facebook.katana;FBLC/en_GB;FBBV/338919009;FBCR/JIO 4G;FBMF/samsung;FBBD/samsung;FBDV/SM-G985F;FBSV/11;FBCA/arm64-v8a:null;FBDM/{density=3.75,width=1440,height=2923};FB_FW/1;FBRV/0;]"
    },
    {
      "ip": "2405:0204:122b:0ba3:0000:0000:0c27:08a1",
      "action": "Login",
      "timestamp": 1639758212,
      "user_agent": "Dalvik/2.1.0 (Linux; U; Android 11; SM-G985F Build/RP1A.200720.012) [FBAN/FB4A;FBAV/348.0.0.39.118;FBPN/com.facebook.katana;FBLC/en_GB;FBBV/338919009;FBCR/JIO 4G;FBMF/samsung;FBBD/samsung;FBDV/SM-G985F;FBSV/11;FBCA/arm64-v8a:null;FBDM/{density=3.75,width=1440,height=2923};FB_FW/1;FBRV/0;]"
    },
    {
      "ip": "103.77.2.65",
      "action": "Login",
      "timestamp": 1639751300,
      "user_agent": "Dalvik/2.1.0 (Linux; U; Android 11; SM-G985F Build/RP1A.200720.012) [FBAN/FB4A;FBAV/348.0.0.39.118;FBPN/com.facebook.katana;FBLC/en_GB;FBBV/338919009;FBCR/JIO 4G;FBMF/samsung;FBBD/samsung;FBDV/SM-G985F;FBSV/11;FBCA/arm64-v8a:null;FBDM/{density=3.75,width=1440,height=2923};FB_FW/1;FBRV/0;]"
    },
    {
      "ip": "45.251.49.151",
      "action": "Login",
      "timestamp": 1639626526,
      "user_agent": "Dalvik/2.1.0 (Linux; U; Android 11; SM-G985F Build/RP1A.200720.012) [FBAN/FB4A;FBAV/347.0.0.28.237;FBPN/com.facebook.katana;FBLC/en_GB;FBBV/337279711;FBCR/JIO 4G;FBMF/samsung;FBBD/samsung;FBDV/SM-G985F;FBSV/11;FBCA/arm64-v8a:null;FBDM/{density=3.75,width=1440,height=2923};FB_FW/1;FBRV/339100124;]"
    },
    {
      "ip": "157.37.141.142",
      "action": "Login",
      "timestamp": 1639673002,
      "user_agent": "Dalvik/2.1.0 (Linux; U; Android 11; SM-G985F Build/RP1A.200720.012) [FBAN/FB4A;FBAV/347.0.0.28.237;FBPN/com.facebook.katana;FBLC/en_GB;FBBV/337279711;FBCR/JIO 4G;FBMF/samsung;FBBD/samsung;FBDV/SM-G985F;FBSV/11;FBCA/arm64-v8a:null;FBDM/{density=3.75,width=1440,height=2923};FB_FW/1;FBRV/339112560;]"
    }
  ]
}