{
  "login_protection_data_v2": [
    {
      "name": "Estimated location inferred from IP 28.624, 77.208",
      "session": {
        "created_timestamp": 1639626525,
        "updated_timestamp": 1648391871
      }
    },
    {
      "name": "IP address: 2402:3a80:120c:3b19:0:26:96d1:8801",
      "session": {
        "created_timestamp": 1648387862,
        "ip_address": "2402:3a80:120c:3b19:0:26:96d1:8801"
      }
    },
    {
      "name": "IP address: 2402:3a80:1817:9a4e:0:30:ee1b:e301",
      "session": {
        "created_timestamp": 1648380639,
        "ip_address": "2402:3a80:1817:9a4e:0:30:ee1b:e301"
      }
    },
    {
      "name": "IP address: 2405:204:1489:b9a5::2954:38ac",
      "session": {
        "created_timestamp": 1648378207,
        "ip_address": "2405:204:1489:b9a5::2954:38ac"
      }
    },
    {
      "name": "IP address: 2402:3a80:1231:4f6d:0:22:5d91:5f01",
      "session": {
        "created_timestamp": 1648361198,
        "ip_address": "2402:3a80:1231:4f6d:0:22:5d91:5f01"
      }
    },
    {
      "name": "IP address: 2405:204:1485:e8bf::21c0:b0ac",
      "session": {
        "created_timestamp": 1648359866,
        "ip_address": "2405:204:1485:e8bf::21c0:b0ac"
      }
    },
    {
      "name": "IP address: 49.14.175.84",
      "session": {
        "created_timestamp": 1648352822,
        "ip_address": "49.14.175.84"
      }
    },
    {
      "name": "IP address: 2405:204:148c:6968::b6f:a0ac",
      "session": {
        "created_timestamp": 1648351439,
        "ip_address": "2405:204:148c:6968::b6f:a0ac"
      }
    },
    {
      "name": "IP address: 2405:204:148f:adcf::fc8:80ac",
      "session": {
        "created_timestamp": 1648348984,
        "ip_address": "2405:204:148f:adcf::fc8:80ac"
      }
    },
    {
      "name": "IP address: 2402:8100:31d0:352a:0:1e:6da6:fd01",
      "session": {
        "created_timestamp": 1648343928,
        "ip_address": "2402:8100:31d0:352a:0:1e:6da6:fd01"
      }
    },
    {
      "name": "IP address: 2402:3a80:1be9:b78f::a164:370e",
      "session": {
        "created_timestamp": 1648331158,
        "ip_address": "2402:3a80:1be9:b78f::a164:370e"
      }
    },
    {
      "name": "Estimated location inferred from IP 28.448, 77.472",
      "session": {
        "created_timestamp": 1645403587,
        "updated_timestamp": 1648331158
      }
    },
    {
      "name": "IP address: 2409:4050:2eb1:ae47::4f49:4115",
      "session": {
        "created_timestamp": 1648325227,
        "ip_address": "2409:4050:2eb1:ae47::4f49:4115"
      }
    },
    {
      "name": "IP address: 1.38.188.65",
      "session": {
        "created_timestamp": 1648318908,
        "ip_address": "1.38.188.65"
      }
    },
    {
      "name": "IP address: 2409:4050:2dbf:2d7d::4fc9:730b",
      "session": {
        "created_timestamp": 1648312840,
        "ip_address": "2409:4050:2dbf:2d7d::4fc9:730b"
      }
    },
    {
      "name": "IP address: 2402:3a80:1812:3bb2::e78c:2c01",
      "session": {
        "created_timestamp": 1648311136,
        "ip_address": "2402:3a80:1812:3bb2::e78c:2c01"
      }
    },
    {
      "name": "IP address: 2409:4050:2eb0:6257:85f1:c995:7114:965d",
      "session": {
        "created_timestamp": 1648301424,
        "ip_address": "2409:4050:2eb0:6257:85f1:c995:7114:965d"
      }
    },
    {
      "name": "Cookie: ViRoYZpHL6aElzKniYV5Yncg",
      "session": {
        "created_timestamp": 1641235168,
        "updated_timestamp": 1648301424
      }
    },
    {
      "name": "IP address: 2402:8100:2678:a09c:0:1b:2351:1401",
      "session": {
        "created_timestamp": 1648295736,
        "ip_address": "2402:8100:2678:a09c:0:1b:2351:1401"
      }
    },
    {
      "name": "IP address: 2405:204:1406:505a::2936:c8b0",
      "session": {
        "created_timestamp": 1648281977,
        "ip_address": "2405:204:1406:505a::2936:c8b0"
      }
    },
    {
      "name": "IP address: 49.14.154.73",
      "session": {
        "created_timestamp": 1648281858,
        "ip_address": "49.14.154.73"
      }
    },
    {
      "name": "IP address: 2405:204:1400:2c03::1947:a8b0",
      "session": {
        "created_timestamp": 1648275960,
        "ip_address": "2405:204:1400:2c03::1947:a8b0"
      }
    },
    {
      "name": "IP address: 2402:3a80:1bed:e366::a10e:d95a",
      "session": {
        "created_timestamp": 1648275215,
        "ip_address": "2402:3a80:1bed:e366::a10e:d95a"
      }
    },
    {
      "name": "IP address: 2402:8100:31d8:4bc4:0:26:2b6b:7901",
      "session": {
        "created_timestamp": 1648275058,
        "ip_address": "2402:8100:31d8:4bc4:0:26:2b6b:7901"
      }
    },
    {
      "name": "IP address: 2405:204:140b:96f3::1609:58b0",
      "session": {
        "created_timestamp": 1648272149,
        "ip_address": "2405:204:140b:96f3::1609:58b0"
      }
    },
    {
      "name": "IP address: 2402:3a80:1c61:da1a::a108:6f4c",
      "session": {
        "created_timestamp": 1648271313,
        "ip_address": "2402:3a80:1c61:da1a::a108:6f4c"
      }
    },
    {
      "name": "IP address: 49.14.158.4",
      "session": {
        "created_timestamp": 1648267869,
        "ip_address": "49.14.158.4"
      }
    },
    {
      "name": "IP address: 2402:8100:27e1:4c5:0:d:b98f:1c01",
      "session": {
        "created_timestamp": 1648262834,
        "ip_address": "2402:8100:27e1:4c5:0:d:b98f:1c01"
      }
    },
    {
      "name": "IP address: 2405:204:1384:930d::1c1a:88a5",
      "session": {
        "created_timestamp": 1648232279,
        "ip_address": "2405:204:1384:930d::1c1a:88a5"
      }
    },
    {
      "name": "IP address: 2402:8100:27e0:d78:0:14:e01c:9d01",
      "session": {
        "created_timestamp": 1648229491,
        "ip_address": "2402:8100:27e0:d78:0:14:e01c:9d01"
      }
    },
    {
      "name": "IP address: 2405:204:1385:4e33::c32:60a5",
      "session": {
        "created_timestamp": 1648214690,
        "ip_address": "2405:204:1385:4e33::c32:60a5"
      }
    },
    {
      "name": "IP address: 2405:204:1381:5803::171:30a5",
      "session": {
        "created_timestamp": 1648207590,
        "ip_address": "2405:204:1381:5803::171:30a5"
      }
    },
    {
      "name": "IP address: 2402:3a80:1c5f:cd3b::a09a:6e6a",
      "session": {
        "created_timestamp": 1648198891,
        "ip_address": "2402:3a80:1c5f:cd3b::a09a:6e6a"
      }
    },
    {
      "name": "IP address: 2405:204:138a:7a0e::2766:a5",
      "session": {
        "created_timestamp": 1648192846,
        "ip_address": "2405:204:138a:7a0e::2766:a5"
      }
    },
    {
      "name": "Cookie: ikE9YtyZXKqkCQWvtvpUGScx",
      "session": {
        "created_timestamp": 1648181642
      }
    },
    {
      "name": "IP address: 2402:3a80:180c:cf61:0:16:c444:db01",
      "session": {
        "created_timestamp": 1648181642,
        "ip_address": "2402:3a80:180c:cf61:0:16:c444:db01"
      }
    },
    {
      "name": "IP address: 2405:204:1380:b54f::10dd:20a5",
      "session": {
        "created_timestamp": 1648154538,
        "ip_address": "2405:204:1380:b54f::10dd:20a5"
      }
    },
    {
      "name": "Estimated location inferred from IP 28.672, 77.384",
      "session": {
        "created_timestamp": 1643726787,
        "updated_timestamp": 1648146298
      }
    },
    {
      "name": "IP address: 2402:8100:26d0:b785:c1c6:4417:2fd0:2ed7",
      "session": {
        "created_timestamp": 1648146298,
        "ip_address": "2402:8100:26d0:b785:c1c6:4417:2fd0:2ed7"
      }
    },
    {
      "name": "Estimated location inferred from IP 25.944, 83.536",
      "session": {
        "created_timestamp": 1648142074
      }
    },
    {
      "name": "IP address: 2a09:bac0:202::811:ce86",
      "session": {
        "created_timestamp": 1648142074,
        "ip_address": "2a09:bac0:202::811:ce86"
      }
    },
    {
      "name": "IP address: 157.37.213.198",
      "session": {
        "created_timestamp": 1648134509,
        "ip_address": "157.37.213.198"
      }
    },
    {
      "name": "IP address: 2405:204:1389:1277::1485:b0a5",
      "session": {
        "created_timestamp": 1648133643,
        "ip_address": "2405:204:1389:1277::1485:b0a5"
      }
    },
    {
      "name": "IP address: 2405:204:138b:bfd0::15a2:50a5",
      "session": {
        "created_timestamp": 1648118218,
        "ip_address": "2405:204:138b:bfd0::15a2:50a5"
      }
    },
    {
      "name": "IP address: 2405:204:3403:8bc7::11b0:8ac",
      "session": {
        "created_timestamp": 1648108014,
        "ip_address": "2405:204:3403:8bc7::11b0:8ac"
      }
    },
    {
      "name": "IP address: 8.17.206.134",
      "session": {
        "created_timestamp": 1648101275,
        "ip_address": "8.17.206.134"
      }
    },
    {
      "name": "Estimated location inferred from IP 28.848, 78.792",
      "session": {
        "created_timestamp": 1648101275
      }
    },
    {
      "name": "IP address: 8.34.69.78",
      "session": {
        "created_timestamp": 1648100529,
        "ip_address": "8.34.69.78"
      }
    },
    {
      "name": "Estimated location inferred from IP 26.648, 83.624",
      "session": {
        "created_timestamp": 1641705504,
        "updated_timestamp": 1648100529
      }
    },
    {
      "name": "IP address: 2402:3a80:1214:26a0:0:1f:5bde:1001",
      "session": {
        "created_timestamp": 1648099984,
        "ip_address": "2402:3a80:1214:26a0:0:1f:5bde:1001"
      }
    },
    {
      "name": "IP address: 2409:4050:2dc7:7c0b::4f09:8109",
      "session": {
        "created_timestamp": 1648098401,
        "ip_address": "2409:4050:2dc7:7c0b::4f09:8109"
      }
    },
    {
      "name": "IP address: 47.31.236.70",
      "session": {
        "created_timestamp": 1648095814,
        "ip_address": "47.31.236.70"
      }
    },
    {
      "name": "IP address: 47.31.235.92",
      "session": {
        "created_timestamp": 1648089509,
        "ip_address": "47.31.235.92"
      }
    },
    {
      "name": "IP address: 2402:3a80:1810:1ede:0:29:3ec0:6e01",
      "session": {
        "created_timestamp": 1648089300,
        "ip_address": "2402:3a80:1810:1ede:0:29:3ec0:6e01"
      }
    },
    {
      "name": "IP address: 2409:4050:2dbd:b38a::4f09:1112",
      "session": {
        "created_timestamp": 1648062843,
        "ip_address": "2409:4050:2dbd:b38a::4f09:1112"
      }
    },
    {
      "name": "IP address: 2402:3a80:1b23:c0a6:0:12:d4f7:7601",
      "session": {
        "created_timestamp": 1648054387,
        "ip_address": "2402:3a80:1b23:c0a6:0:12:d4f7:7601"
      }
    },
    {
      "name": "IP address: 2409:4050:2e3f:a947::4f49:5f14",
      "session": {
        "created_timestamp": 1648053577,
        "ip_address": "2409:4050:2e3f:a947::4f49:5f14"
      }
    },
    {
      "name": "IP address: 2402:3a80:121d:b8ae:0:b:bab0:a001",
      "session": {
        "created_timestamp": 1648053387,
        "ip_address": "2402:3a80:121d:b8ae:0:b:bab0:a001"
      }
    },
    {
      "name": "IP address: 2409:4050:2dcb:b5d9::4fc9:7106",
      "session": {
        "created_timestamp": 1648049375,
        "ip_address": "2409:4050:2dcb:b5d9::4fc9:7106"
      }
    },
    {
      "name": "IP address: 2409:4050:2ebd:e89::4f89:6201",
      "session": {
        "created_timestamp": 1648047826,
        "ip_address": "2409:4050:2ebd:e89::4f89:6201"
      }
    },
    {
      "name": "IP address: 42.105.114.103",
      "session": {
        "created_timestamp": 1648047365,
        "ip_address": "42.105.114.103"
      }
    },
    {
      "name": "IP address: 2409:4050:2db1:4eae::4fc9:200a",
      "session": {
        "created_timestamp": 1648046516,
        "ip_address": "2409:4050:2db1:4eae::4fc9:200a"
      }
    },
    {
      "name": "IP address: 2409:4050:e0b:27d0::4fc9:4c14",
      "session": {
        "created_timestamp": 1648046130,
        "ip_address": "2409:4050:e0b:27d0::4fc9:4c14"
      }
    },
    {
      "name": "IP address: 2402:3a80:1239:ff37:0:a:8a67:6201",
      "session": {
        "created_timestamp": 1648041953,
        "ip_address": "2402:3a80:1239:ff37:0:a:8a67:6201"
      }
    },
    {
      "name": "IP address: 2409:4050:e10:cfb4::4f89:8c05",
      "session": {
        "created_timestamp": 1648029838,
        "ip_address": "2409:4050:e10:cfb4::4f89:8c05"
      }
    },
    {
      "name": "IP address: 2402:3a80:1232:6342:0:1e:c859:7501",
      "session": {
        "created_timestamp": 1648029532,
        "ip_address": "2402:3a80:1232:6342:0:1e:c859:7501"
      }
    },
    {
      "name": "IP address: 2409:4050:e08:d911::4f89:3701",
      "session": {
        "created_timestamp": 1648027735,
        "ip_address": "2409:4050:e08:d911::4f89:3701"
      }
    },
    {
      "name": "IP address: 2409:4050:2dc2:78cb:7403:341e:f6a:38b7",
      "session": {
        "created_timestamp": 1648010403,
        "ip_address": "2409:4050:2dc2:78cb:7403:341e:f6a:38b7"
      }
    },
    {
      "name": "IP address: 2402:3a80:1808:97a5:7403:341e:f6a:38b7",
      "session": {
        "created_timestamp": 1648010295,
        "ip_address": "2402:3a80:1808:97a5:7403:341e:f6a:38b7"
      }
    },
    {
      "name": "IP address: 2402:3a80:1c59:cace::9f64:2d20",
      "session": {
        "created_timestamp": 1647997124,
        "ip_address": "2402:3a80:1c59:cace::9f64:2d20"
      }
    },
    {
      "name": "IP address: 106.67.77.121",
      "session": {
        "created_timestamp": 1647917829,
        "ip_address": "106.67.77.121"
      }
    },
    {
      "name": "Estimated location inferred from IP 10.128, 76.328",
      "session": {
        "created_timestamp": 1647912029
      }
    },
    {
      "name": "IP address: 2402:3a80:122e:dacc:0:3f:8030:cf01",
      "session": {
        "created_timestamp": 1647892630,
        "ip_address": "2402:3a80:122e:dacc:0:3f:8030:cf01"
      }
    },
    {
      "name": "Estimated location inferred from IP 28.976, 77.736",
      "session": {
        "created_timestamp": 1647870445
      }
    },
    {
      "name": "Estimated location inferred from IP 28.408, 77.296",
      "session": {
        "created_timestamp": 1645601810,
        "updated_timestamp": 1647865058
      }
    },
    {
      "name": "IP address: 2409:4050:2db2:9439::4f49:1104",
      "session": {
        "created_timestamp": 1647865058,
        "ip_address": "2409:4050:2db2:9439::4f49:1104"
      }
    },
    {
      "name": "IP address: 2402:3a80:1bef:ed8a::9e96:1d6f",
      "session": {
        "created_timestamp": 1647860508,
        "ip_address": "2402:3a80:1bef:ed8a::9e96:1d6f"
      }
    },
    {
      "name": "IP address: 106.67.110.169",
      "session": {
        "created_timestamp": 1647859103,
        "ip_address": "106.67.110.169"
      }
    },
    {
      "name": "IP address: 2402:8100:2029:2577::3b92:6280",
      "session": {
        "created_timestamp": 1647858507,
        "ip_address": "2402:8100:2029:2577::3b92:6280"
      }
    },
    {
      "name": "IP address: 2409:4050:e1d:1acf::4fc9:2707",
      "session": {
        "created_timestamp": 1647855623,
        "ip_address": "2409:4050:e1d:1acf::4fc9:2707"
      }
    },
    {
      "name": "IP address: 2402:3a80:120a:3be1:0:1b:204b:6901",
      "session": {
        "created_timestamp": 1647855116,
        "ip_address": "2402:3a80:120a:3be1:0:1b:204b:6901"
      }
    },
    {
      "name": "IP address: 2402:3a80:1805:72e:0:2d:1e7b:3201",
      "session": {
        "created_timestamp": 1647849463,
        "ip_address": "2402:3a80:1805:72e:0:2d:1e7b:3201"
      }
    },
    {
      "name": "IP address: 2409:4050:2ece:fb0d::4f89:b402",
      "session": {
        "created_timestamp": 1647848602,
        "ip_address": "2409:4050:2ece:fb0d::4f89:b402"
      }
    },
    {
      "name": "IP address: 2402:3a80:123b:9fba:0:41:9e16:901",
      "session": {
        "created_timestamp": 1647846497,
        "ip_address": "2402:3a80:123b:9fba:0:41:9e16:901"
      }
    },
    {
      "name": "Cookie: LKzeYavGC50KwSrLg2HvztmA",
      "session": {
        "created_timestamp": 1643341038,
        "updated_timestamp": 1647790281
      }
    },
    {
      "name": "IP address: 2402:3a80:1b27:1dd:0:38:c1b1:3701",
      "session": {
        "created_timestamp": 1647790281,
        "ip_address": "2402:3a80:1b27:1dd:0:38:c1b1:3701"
      }
    },
    {
      "name": "IP address: 2402:8100:200e:f54e::3b25:886e",
      "session": {
        "created_timestamp": 1647776541,
        "ip_address": "2402:8100:200e:f54e::3b25:886e"
      }
    },
    {
      "name": "IP address: 2409:4050:e18:9b8b::4f89:b70c",
      "session": {
        "created_timestamp": 1647772580,
        "ip_address": "2409:4050:e18:9b8b::4f89:b70c"
      }
    },
    {
      "name": "IP address: 2409:4050:2e38:e45f::4f49:a013",
      "session": {
        "created_timestamp": 1647749274,
        "ip_address": "2409:4050:2e38:e45f::4f49:a013"
      }
    },
    {
      "name": "IP address: 2402:3a80:1233:697b:2cc2:b5f9:5b5a:bd46",
      "session": {
        "created_timestamp": 1647747752,
        "ip_address": "2402:3a80:1233:697b:2cc2:b5f9:5b5a:bd46"
      }
    },
    {
      "name": "IP address: 2409:4050:2db8:60f9::4f09:4b08",
      "session": {
        "created_timestamp": 1647741794,
        "ip_address": "2409:4050:2db8:60f9::4f09:4b08"
      }
    },
    {
      "name": "IP address: 2402:3a80:123a:586a:0:19:2061:b401",
      "session": {
        "created_timestamp": 1647714401,
        "ip_address": "2402:3a80:123a:586a:0:19:2061:b401"
      }
    },
    {
      "name": "IP address: 106.67.11.32",
      "session": {
        "created_timestamp": 1647682347,
        "ip_address": "106.67.11.32"
      }
    },
    {
      "name": "Estimated location inferred from IP 13.072, 80.288",
      "session": {
        "created_timestamp": 1647681722
      }
    },
    {
      "name": "IP address: 2402:8100:2028:1162::34e1:3b3d",
      "session": {
        "created_timestamp": 1646725135,
        "updated_timestamp": 1647681722,
        "ip_address": "2402:8100:2028:1162::34e1:3b3d"
      }
    },
    {
      "name": "IP address: 2409:4050:2e48:4d11:2df4:25b:96c:375e",
      "session": {
        "created_timestamp": 1647681105,
        "ip_address": "2409:4050:2e48:4d11:2df4:25b:96c:375e"
      }
    },
    {
      "name": "IP address: 2409:4050:2e42:9388::4f49:a30f",
      "session": {
        "created_timestamp": 1647673263,
        "ip_address": "2409:4050:2e42:9388::4f49:a30f"
      }
    },
    {
      "name": "IP address: 2402:3a80:1beb:ec1d::9d5e:760a",
      "session": {
        "created_timestamp": 1647656753,
        "ip_address": "2402:3a80:1beb:ec1d::9d5e:760a"
      }
    },
    {
      "name": "Estimated location inferred from IP 28.448, 77.032",
      "session": {
        "created_timestamp": 1643645855,
        "updated_timestamp": 1647632765
      }
    },
    {
      "name": "IP address: 2402:3a80:1200:75d:0:1c:a06e:5401",
      "session": {
        "created_timestamp": 1647632765,
        "ip_address": "2402:3a80:1200:75d:0:1c:a06e:5401"
      }
    },
    {
      "name": "IP address: 2402:3a80:1b22:5b3b:0:47:5e87:e01",
      "session": {
        "created_timestamp": 1647628670,
        "ip_address": "2402:3a80:1b22:5b3b:0:47:5e87:e01"
      }
    },
    {
      "name": "IP address: 2402:8100:2010:9469::391c:d340",
      "session": {
        "created_timestamp": 1647628092,
        "ip_address": "2402:8100:2010:9469::391c:d340"
      }
    },
    {
      "name": "IP address: 2409:4050:2dcd:c138::4fc9:b011",
      "session": {
        "created_timestamp": 1647627544,
        "ip_address": "2409:4050:2dcd:c138::4fc9:b011"
      }
    },
    {
      "name": "IP address: 2409:4050:e1c:576d::4fc9:cc0f",
      "session": {
        "created_timestamp": 1647599392,
        "ip_address": "2409:4050:e1c:576d::4fc9:cc0f"
      }
    },
    {
      "name": "IP address: 106.67.59.115",
      "session": {
        "created_timestamp": 1647582953,
        "ip_address": "106.67.59.115"
      }
    },
    {
      "name": "Estimated location inferred from IP 30.384, 76.768",
      "session": {
        "created_timestamp": 1647582480
      }
    },
    {
      "name": "IP address: 2402:8100:2011:b732:d55c:f696:2277:95e1",
      "session": {
        "created_timestamp": 1647582480,
        "ip_address": "2402:8100:2011:b732:d55c:f696:2277:95e1"
      }
    },
    {
      "name": "IP address: 2409:4050:2dbc:9e84::4f89:c20b",
      "session": {
        "created_timestamp": 1647573511,
        "ip_address": "2409:4050:2dbc:9e84::4f89:c20b"
      }
    },
    {
      "name": "IP address: 42.111.68.33",
      "session": {
        "created_timestamp": 1647569430,
        "ip_address": "42.111.68.33"
      }
    },
    {
      "name": "IP address: 2402:3a80:1227:84ae:d845:99d6:45a1:fcb5",
      "session": {
        "created_timestamp": 1647564913,
        "ip_address": "2402:3a80:1227:84ae:d845:99d6:45a1:fcb5"
      }
    },
    {
      "name": "IP address: 2409:4050:2e32:54f1::4f49:1b03",
      "session": {
        "created_timestamp": 1647540689,
        "ip_address": "2409:4050:2e32:54f1::4f49:1b03"
      }
    },
    {
      "name": "IP address: 47.31.224.200",
      "session": {
        "created_timestamp": 1647538662,
        "ip_address": "47.31.224.200"
      }
    },
    {
      "name": "IP address: 47.31.233.72",
      "session": {
        "created_timestamp": 1647537139,
        "ip_address": "47.31.233.72"
      }
    },
    {
      "name": "IP address: 2409:4050:2ec2:63fe::4fc9:4d13",
      "session": {
        "created_timestamp": 1647536107,
        "ip_address": "2409:4050:2ec2:63fe::4fc9:4d13"
      }
    },
    {
      "name": "IP address: 2409:4050:2dbb:26e6::4f89:f304",
      "session": {
        "created_timestamp": 1647519237,
        "ip_address": "2409:4050:2dbb:26e6::4f89:f304"
      }
    },
    {
      "name": "Estimated location inferred from IP 30.472, 76.592",
      "session": {
        "created_timestamp": 1647078186
      }
    },
    {
      "name": "Estimated location inferred from IP 28.584, 76.68",
      "session": {
        "created_timestamp": 1646943334
      }
    },
    {
      "name": "Estimated location inferred from IP 28.936, 77.12",
      "session": {
        "created_timestamp": 1646725135
      }
    },
    {
      "name": "Estimated location inferred from IP 25.416, 88.104",
      "session": {
        "created_timestamp": 1646658976
      }
    },
    {
      "name": "Estimated location inferred from IP 28.888, 78.44",
      "session": {
        "created_timestamp": 1645307387
      }
    },
    {
      "name": "Estimated location inferred from IP 30.824, 76.944",
      "session": {
        "created_timestamp": 1643701944
      }
    },
    {
      "name": "Estimated location inferred from IP 12.984, 77.56",
      "session": {
        "created_timestamp": 1643563202
      }
    },
    {
      "name": "Estimated location inferred from IP 28.536, 77.56",
      "session": {
        "created_timestamp": 1643372494
      }
    },
    {
      "name": "Cookie: CZAPYcgXoKS3C1xdZDKZZ9T2",
      "session": {
        "created_timestamp": 1643314579
      }
    },
    {
      "name": "Cookie: dz3fYGMUB7uHRqjJqMrsn3j7",
      "session": {
        "created_timestamp": 1639626525,
        "updated_timestamp": 1642928378
      }
    },
    {
      "name": "Estimated location inferred from IP 28.008, 79.144",
      "session": {
        "created_timestamp": 1642135352
      }
    },
    {
      "name": "Estimated location inferred from IP 19.048, 72.904",
      "session": {
        "created_timestamp": 1641668000
      }
    },
    {
      "name": "Estimated location inferred from IP 24.888, 72.816",
      "session": {
        "created_timestamp": 1641317019
      }
    },
    {
      "name": "Estimated location inferred from IP 21.16, 72.816",
      "session": {
        "created_timestamp": 1641235168
      }
    },
    {
      "name": "Estimated location inferred from IP 26.432, 80.288",
      "session": {
        "created_timestamp": 1641063862
      }
    },
    {
      "name": "Estimated location inferred from IP 26.824, 80.896",
      "session": {
        "created_timestamp": 1640630233
      }
    },
    {
      "name": "Estimated location inferred from IP 28.712, 77.824",
      "session": {
        "created_timestamp": 1640591353,
        "ip_address": "2402:8100:200f:b8f6::f22:ea63"
      }
    }
  ]
}