{
  "account_accesses_v2": [
    {
      "action": "Login",
      "timestamp": 1648391280,
      "site": "www.facebook.com",
      "ip_address": "2402:3a80:120c:3b19:75d9:10a9:3e3c:8216"
    },
    {
      "action": "Log out",
      "timestamp": 1648391217,
      "site": "www.facebook.com",
      "ip_address": "2402:3a80:120c:3b19:75d9:10a9:3e3c:8216"
    },
    {
      "action": "Login",
      "timestamp": 1648318909,
      "site": "www.facebook.com",
      "ip_address": "1.38.188.65"
    },
    {
      "action": "Log out",
      "timestamp": 1648301443,
      "site": "www.facebook.com",
      "ip_address": "2409:4050:2eb0:6257:85f1:c995:7114:965d"
    },
    {
      "action": "Login",
      "timestamp": 1648193295,
      "site": "www.facebook.com",
      "ip_address": "2405:204:138a:7a0e:3056:7ebc:de3e:16c3"
    },
    {
      "action": "Log out",
      "timestamp": 1648193228,
      "site": "www.facebook.com",
      "ip_address": "2405:204:138a:7a0e:3056:7ebc:de3e:16c3"
    },
    {
      "action": "Login",
      "timestamp": 1648179412,
      "site": "m.facebook.com",
      "ip_address": "2405:204:1380:b54f::10dd:20a5"
    },
    {
      "action": "Log out",
      "timestamp": 1648154956,
      "site": "www.facebook.com",
      "ip_address": "2405:204:1380:b54f::10dd:20a5"
    },
    {
      "action": "Login",
      "timestamp": 1648146299,
      "site": "www.facebook.com",
      "ip_address": "2402:8100:26d0:b785:c1c6:4417:2fd0:2ed7"
    },
    {
      "action": "Log out",
      "timestamp": 1648117445,
      "site": "www.facebook.com",
      "ip_address": "2405:204:3403:8bc7:60c5:afb1:982f:f4e9"
    },
    {
      "action": "Login",
      "timestamp": 1648033896,
      "site": "www.facebook.com",
      "ip_address": "2402:3a80:1b27:e7f1:8545:e9ef:92a8:ea1a"
    },
    {
      "action": "Login",
      "timestamp": 1648033892,
      "site": "www.facebook.com",
      "ip_address": "2402:3a80:1b27:e7f1:8545:e9ef:92a8:ea1a"
    },
    {
      "action": "Log out",
      "timestamp": 1648033595,
      "site": "www.facebook.com",
      "ip_address": "2402:3a80:1b27:e7f1:8545:e9ef:92a8:ea1a"
    },
    {
      "action": "Login",
      "timestamp": 1648033460,
      "site": "www.facebook.com",
      "ip_address": "2402:3a80:1b27:e7f1:8545:e9ef:92a8:ea1a"
    },
    {
      "action": "Login",
      "timestamp": 1648033451,
      "site": "www.facebook.com",
      "ip_address": "2402:3a80:1b27:e7f1:8545:e9ef:92a8:ea1a"
    },
    {
      "action": "Log out",
      "timestamp": 1648033389,
      "site": "www.facebook.com",
      "ip_address": "2402:3a80:1b27:e7f1:8545:e9ef:92a8:ea1a"
    },
    {
      "action": "Login",
      "timestamp": 1648028950,
      "site": "www.facebook.com",
      "ip_address": "2409:4050:e08:d911:8545:e9ef:92a8:ea1a"
    },
    {
      "action": "Log out",
      "timestamp": 1648028918,
      "site": "www.facebook.com",
      "ip_address": "2409:4050:e08:d911:8545:e9ef:92a8:ea1a"
    },
    {
      "action": "Log out",
      "timestamp": 1648021082,
      "site": "www.facebook.com",
      "ip_address": "2409:4050:2ebb:46d3:2938:358a:294f:cf80"
    },
    {
      "action": "Log out",
      "timestamp": 1648020776,
      "site": "www.facebook.com",
      "ip_address": "2409:4050:2ebb:46d3:2938:358a:294f:cf80"
    },
    {
      "action": "Login",
      "timestamp": 1648016816,
      "site": "www.facebook.com",
      "ip_address": "2409:4050:2ebb:46d3:2938:358a:294f:cf80"
    },
    {
      "action": "Login",
      "timestamp": 1648016814,
      "site": "www.facebook.com",
      "ip_address": "2409:4050:2ebb:46d3:2938:358a:294f:cf80"
    },
    {
      "action": "Log out",
      "timestamp": 1648016783,
      "site": "www.facebook.com",
      "ip_address": "2409:4050:2ebb:46d3:2938:358a:294f:cf80"
    },
    {
      "action": "Login",
      "timestamp": 1648015618,
      "site": "www.facebook.com",
      "ip_address": "2409:4050:2ebb:46d3:2938:358a:294f:cf80"
    },
    {
      "action": "Log out",
      "timestamp": 1648015484,
      "site": "www.facebook.com",
      "ip_address": "2409:4050:2ebb:46d3:2938:358a:294f:cf80"
    },
    {
      "action": "Log out",
      "timestamp": 1648010404,
      "site": "www.facebook.com",
      "ip_address": "2409:4050:2dc2:78cb:7403:341e:f6a:38b7"
    },
    {
      "action": "Log out",
      "timestamp": 1648010329,
      "site": "www.facebook.com",
      "ip_address": "2409:4050:2dc2:78cb:7403:341e:f6a:38b7"
    },
    {
      "action": "Login",
      "timestamp": 1647902710,
      "site": "www.facebook.com",
      "ip_address": "2402:3a80:122e:dacc:532:6a5e:b22e:1db2"
    },
    {
      "action": "Login",
      "timestamp": 1647902703,
      "site": "www.facebook.com",
      "ip_address": "2402:3a80:122e:dacc:532:6a5e:b22e:1db2"
    },
    {
      "action": "Log out",
      "timestamp": 1647902599,
      "site": "www.facebook.com",
      "ip_address": "2402:3a80:122e:dacc:532:6a5e:b22e:1db2"
    },
    {
      "action": "Login",
      "timestamp": 1647748639,
      "site": "www.facebook.com",
      "ip_address": "2402:3a80:1233:697b:2cc2:b5f9:5b5a:bd46"
    },
    {
      "action": "Log out",
      "timestamp": 1647748616,
      "site": "www.facebook.com",
      "ip_address": "2402:3a80:1233:697b:2cc2:b5f9:5b5a:bd46"
    },
    {
      "action": "Login",
      "timestamp": 1647748610,
      "site": "www.facebook.com",
      "ip_address": "2402:3a80:1233:697b:2cc2:b5f9:5b5a:bd46"
    },
    {
      "action": "Log out",
      "timestamp": 1647748592,
      "site": "www.facebook.com",
      "ip_address": "2402:3a80:1233:697b:2cc2:b5f9:5b5a:bd46"
    },
    {
      "action": "Login",
      "timestamp": 1647748578,
      "site": "www.facebook.com",
      "ip_address": "2402:3a80:1233:697b:2cc2:b5f9:5b5a:bd46"
    },
    {
      "action": "Log out",
      "timestamp": 1647748559,
      "site": "www.facebook.com",
      "ip_address": "2402:3a80:1233:697b:2cc2:b5f9:5b5a:bd46"
    },
    {
      "action": "Login",
      "timestamp": 1647748489,
      "site": "www.facebook.com",
      "ip_address": "2402:3a80:1233:697b:2cc2:b5f9:5b5a:bd46"
    },
    {
      "action": "Log out",
      "timestamp": 1647748366,
      "site": "www.facebook.com",
      "ip_address": "2402:3a80:1233:697b:2cc2:b5f9:5b5a:bd46"
    },
    {
      "action": "Login",
      "timestamp": 1647748353,
      "site": "www.facebook.com",
      "ip_address": "2402:3a80:1233:697b:2cc2:b5f9:5b5a:bd46"
    },
    {
      "action": "Log out",
      "timestamp": 1647748068,
      "site": "www.facebook.com",
      "ip_address": "2402:3a80:1233:697b:2cc2:b5f9:5b5a:bd46"
    },
    {
      "action": "Login",
      "timestamp": 1647747753,
      "site": "www.facebook.com",
      "ip_address": "2402:3a80:1233:697b:2cc2:b5f9:5b5a:bd46"
    },
    {
      "action": "Log out",
      "timestamp": 1647746765,
      "site": "www.facebook.com",
      "ip_address": "2409:4050:2db8:60f9:2cc2:b5f9:5b5a:bd46"
    },
    {
      "action": "Login",
      "timestamp": 1647746749,
      "site": "www.facebook.com",
      "ip_address": "2409:4050:2db8:60f9:2cc2:b5f9:5b5a:bd46"
    },
    {
      "action": "Log out",
      "timestamp": 1647746647,
      "site": "www.facebook.com",
      "ip_address": "2409:4050:2db8:60f9:2cc2:b5f9:5b5a:bd46"
    },
    {
      "action": "Login",
      "timestamp": 1647746526,
      "site": "www.facebook.com",
      "ip_address": "2409:4050:2db8:60f9:2cc2:b5f9:5b5a:bd46"
    },
    {
      "action": "Log out",
      "timestamp": 1647746517,
      "site": "www.facebook.com",
      "ip_address": "2409:4050:2db8:60f9:2cc2:b5f9:5b5a:bd46"
    },
    {
      "action": "Log out",
      "timestamp": 1647746505,
      "site": "www.facebook.com",
      "ip_address": "2409:4050:2db8:60f9:2cc2:b5f9:5b5a:bd46"
    },
    {
      "action": "Login",
      "timestamp": 1647746415,
      "site": "www.facebook.com",
      "ip_address": "2409:4050:2db8:60f9:2cc2:b5f9:5b5a:bd46"
    },
    {
      "action": "Log out",
      "timestamp": 1647746403,
      "site": "www.facebook.com",
      "ip_address": "2409:4050:2db8:60f9:2cc2:b5f9:5b5a:bd46"
    },
    {
      "action": "Login",
      "timestamp": 1647737632,
      "site": "www.facebook.com",
      "ip_address": "2402:3a80:1b26:a37b:9d40:d122:d9ac:93a2"
    },
    {
      "action": "Log out",
      "timestamp": 1647737603,
      "site": "www.facebook.com",
      "ip_address": "2402:3a80:1b26:a37b:9d40:d122:d9ac:93a2"
    },
    {
      "action": "Login",
      "timestamp": 1647725245,
      "site": "www.facebook.com",
      "ip_address": "2402:3a80:123a:586a:b060:dad5:cc5e:91d6"
    },
    {
      "action": "Log out",
      "timestamp": 1647725198,
      "site": "www.facebook.com",
      "ip_address": "2402:3a80:123a:586a:b060:dad5:cc5e:91d6"
    },
    {
      "action": "Log out",
      "timestamp": 1647725180,
      "site": "www.facebook.com",
      "ip_address": "2402:3a80:123a:586a:b060:dad5:cc5e:91d6"
    },
    {
      "action": "Log out",
      "timestamp": 1647725157,
      "site": "www.facebook.com",
      "ip_address": "2402:3a80:123a:586a:b060:dad5:cc5e:91d6"
    },
    {
      "action": "Login",
      "timestamp": 1647724646,
      "site": "www.facebook.com",
      "ip_address": "2402:3a80:123a:586a:b060:dad5:cc5e:91d6"
    },
    {
      "action": "Log out",
      "timestamp": 1647724636,
      "site": "www.facebook.com",
      "ip_address": "2402:3a80:123a:586a:b060:dad5:cc5e:91d6"
    },
    {
      "action": "Log out",
      "timestamp": 1647724591,
      "site": "www.facebook.com",
      "ip_address": "2402:3a80:123a:586a:b060:dad5:cc5e:91d6"
    },
    {
      "action": "Login",
      "timestamp": 1647684361,
      "site": "www.facebook.com",
      "ip_address": "2402:8100:2028:b6b5:2df4:25b:96c:375e"
    },
    {
      "action": "Login",
      "timestamp": 1647684353,
      "site": "www.facebook.com",
      "ip_address": "2402:8100:2028:b6b5:2df4:25b:96c:375e"
    },
    {
      "action": "Log out",
      "timestamp": 1647684311,
      "site": "www.facebook.com",
      "ip_address": "2402:8100:2028:b6b5:2df4:25b:96c:375e"
    },
    {
      "action": "Login",
      "timestamp": 1647684283,
      "site": "www.facebook.com",
      "ip_address": "2402:8100:2028:b6b5:2df4:25b:96c:375e"
    },
    {
      "action": "Login",
      "timestamp": 1647684271,
      "site": "www.facebook.com",
      "ip_address": "2402:8100:2028:b6b5:2df4:25b:96c:375e"
    },
    {
      "action": "Log out",
      "timestamp": 1647684203,
      "site": "www.facebook.com",
      "ip_address": "2402:8100:2028:b6b5:2df4:25b:96c:375e"
    },
    {
      "action": "Login",
      "timestamp": 1647684192,
      "site": "www.facebook.com",
      "ip_address": "2402:8100:2028:b6b5:2df4:25b:96c:375e"
    },
    {
      "action": "Log out",
      "timestamp": 1647684155,
      "site": "www.facebook.com",
      "ip_address": "2402:8100:2028:b6b5:2df4:25b:96c:375e"
    },
    {
      "action": "Login",
      "timestamp": 1647684011,
      "site": "www.facebook.com",
      "ip_address": "2402:8100:2028:b6b5:2df4:25b:96c:375e"
    },
    {
      "action": "Log out",
      "timestamp": 1647682521,
      "site": "www.facebook.com",
      "ip_address": "2402:8100:2028:b6b5:2df4:25b:96c:375e"
    },
    {
      "action": "Login",
      "timestamp": 1647682154,
      "site": "www.facebook.com",
      "ip_address": "2402:8100:2028:b6b5:2df4:25b:96c:375e"
    },
    {
      "action": "Log out",
      "timestamp": 1647682113,
      "site": "www.facebook.com",
      "ip_address": "2402:8100:2028:b6b5:2df4:25b:96c:375e"
    },
    {
      "action": "Login",
      "timestamp": 1647681862,
      "site": "www.facebook.com",
      "ip_address": "2402:8100:2028:b6b5:2df4:25b:96c:375e"
    },
    {
      "action": "Log out",
      "timestamp": 1647681831,
      "site": "www.facebook.com",
      "ip_address": "2402:8100:2028:b6b5:2df4:25b:96c:375e"
    },
    {
      "action": "Login",
      "timestamp": 1647681822,
      "site": "www.facebook.com",
      "ip_address": "2402:8100:2028:b6b5:2df4:25b:96c:375e"
    },
    {
      "action": "Log out",
      "timestamp": 1647681793,
      "site": "www.facebook.com",
      "ip_address": "2402:8100:2028:b6b5:2df4:25b:96c:375e"
    },
    {
      "action": "Login",
      "timestamp": 1647681780,
      "site": "www.facebook.com",
      "ip_address": "2402:8100:2028:b6b5:2df4:25b:96c:375e"
    },
    {
      "action": "Log out",
      "timestamp": 1647681724,
      "site": "www.facebook.com",
      "ip_address": "2402:8100:2028:b6b5:2df4:25b:96c:375e"
    },
    {
      "action": "Login",
      "timestamp": 1647681491,
      "site": "www.facebook.com",
      "ip_address": "2409:4050:2e48:4d11:2df4:25b:96c:375e"
    },
    {
      "action": "Log out",
      "timestamp": 1647681417,
      "site": "www.facebook.com",
      "ip_address": "2409:4050:2e48:4d11:2df4:25b:96c:375e"
    },
    {
      "action": "Login",
      "timestamp": 1647681209,
      "site": "www.facebook.com",
      "ip_address": "2409:4050:2e48:4d11:2df4:25b:96c:375e"
    },
    {
      "action": "Log out",
      "timestamp": 1647681110,
      "site": "www.facebook.com",
      "ip_address": "2409:4050:2e48:4d11:2df4:25b:96c:375e"
    },
    {
      "action": "Login",
      "timestamp": 1647583474,
      "site": "www.facebook.com",
      "ip_address": "106.67.59.115"
    },
    {
      "action": "Log out",
      "timestamp": 1647582958,
      "site": "www.facebook.com",
      "ip_address": "106.67.59.115"
    },
    {
      "action": "Login",
      "timestamp": 1647582696,
      "site": "www.facebook.com",
      "ip_address": "2402:8100:2011:b732:d55c:f696:2277:95e1"
    },
    {
      "action": "Login",
      "timestamp": 1647582691,
      "site": "www.facebook.com",
      "ip_address": "2402:8100:2011:b732:d55c:f696:2277:95e1"
    },
    {
      "action": "Log out",
      "timestamp": 1647582593,
      "site": "www.facebook.com",
      "ip_address": "2402:8100:2011:b732:d55c:f696:2277:95e1"
    },
    {
      "action": "Login",
      "timestamp": 1647582546,
      "site": "www.facebook.com",
      "ip_address": "2402:8100:2011:b732:d55c:f696:2277:95e1"
    },
    {
      "action": "Log out",
      "timestamp": 1647582485,
      "site": "www.facebook.com",
      "ip_address": "2402:8100:2011:b732:d55c:f696:2277:95e1"
    },
    {
      "action": "Login",
      "timestamp": 1647561584,
      "site": "www.facebook.com",
      "ip_address": "2409:4050:2e3c:e8e8:d845:99d6:45a1:fcb5"
    },
    {
      "action": "Log out",
      "timestamp": 1647561517,
      "site": "www.facebook.com",
      "ip_address": "2409:4050:2e3c:e8e8:d845:99d6:45a1:fcb5"
    },
    {
      "action": "Login",
      "timestamp": 1647540726,
      "site": "m.facebook.com",
      "ip_address": "2409:4050:2e32:54f1::4f49:1b03"
    },
    {
      "action": "Log out",
      "timestamp": 1647540702,
      "site": "www.facebook.com",
      "ip_address": "2409:4050:2e32:54f1::4f49:1b03"
    },
    {
      "action": "Login",
      "timestamp": 1647517713,
      "site": "m.facebook.com",
      "ip_address": "2402:3a80:1be9:bd0a::9c80:8ba7"
    },
    {
      "action": "Log out",
      "timestamp": 1647517710,
      "site": "m.facebook.com",
      "ip_address": "2402:3a80:1be9:bd0a::9c80:8ba7"
    },
    {
      "action": "Login",
      "timestamp": 1647517707,
      "site": "m.facebook.com",
      "ip_address": "2402:3a80:1be9:bd0a::9c80:8ba7"
    },
    {
      "action": "Login",
      "timestamp": 1647517706,
      "site": "m.facebook.com",
      "ip_address": "2402:3a80:1be9:bd0a::9c80:8ba7"
    },
    {
      "action": "Login",
      "timestamp": 1647517704,
      "site": "m.facebook.com",
      "ip_address": "2402:3a80:1be9:bd0a::9c80:8ba7"
    },
    {
      "action": "Login",
      "timestamp": 1647517702,
      "site": "m.facebook.com",
      "ip_address": "2402:3a80:1be9:bd0a::9c80:8ba7"
    },
    {
      "action": "Login",
      "timestamp": 1647517699,
      "site": "m.facebook.com",
      "ip_address": "2402:3a80:1be9:bd0a::9c80:8ba7"
    },
    {
      "action": "Login",
      "timestamp": 1647517698,
      "site": "m.facebook.com",
      "ip_address": "2402:3a80:1be9:bd0a::9c80:8ba7"
    },
    {
      "action": "Log out",
      "timestamp": 1647449676,
      "site": "www.facebook.com",
      "ip_address": "2409:4050:2dc6:1a27::4f49:820d"
    },
    {
      "action": "Login",
      "timestamp": 1647400530,
      "site": "www.facebook.com",
      "ip_address": "2405:204:1219:7754:f894:36c8:af95:cf19"
    },
    {
      "action": "Login",
      "timestamp": 1647310658,
      "site": "m.facebook.com",
      "ip_address": "2409:4050:ebc:1704::4f89:f90f"
    },
    {
      "action": "Log out",
      "timestamp": 1647288786,
      "site": "www.facebook.com",
      "ip_address": "2402:3a80:1809:bd40:c5d8:a109:6e26:ae0"
    },
    {
      "action": "Login",
      "timestamp": 1647288766,
      "site": "www.facebook.com",
      "ip_address": "2402:3a80:1809:bd40:c5d8:a109:6e26:ae0"
    },
    {
      "action": "Log out",
      "timestamp": 1647287848,
      "site": "www.facebook.com",
      "ip_address": "2402:3a80:1809:bd40:c5d8:a109:6e26:ae0"
    },
    {
      "action": "Log out",
      "timestamp": 1647284800,
      "site": "m.facebook.com",
      "ip_address": "2402:3a80:1809:bd40:0:27:c440:c301"
    },
    {
      "action": "Login",
      "timestamp": 1647264168,
      "site": "www.facebook.com",
      "ip_address": "2409:4050:eb8:f2d9:b87c:e96:fbd8:22"
    },
    {
      "action": "Log out",
      "timestamp": 1647203513,
      "site": "www.facebook.com",
      "ip_address": "2402:8100:200f:1b94:b0c5:4553:f3e4:b8bc"
    },
    {
      "action": "Login",
      "timestamp": 1647200280,
      "site": "www.facebook.com",
      "ip_address": "2402:8100:200f:1b94:b0c5:4553:f3e4:b8bc"
    },
    {
      "action": "Login",
      "timestamp": 1647179880,
      "site": "m.facebook.com",
      "ip_address": "2409:4050:2db4:7db4::4fc9:8714"
    },
    {
      "action": "Log out",
      "timestamp": 1647125878,
      "site": "m.facebook.com",
      "ip_address": "2409:4050:2dba:a0c::4f09:cc0c"
    },
    {
      "action": "Log out",
      "timestamp": 1647125325,
      "site": "www.facebook.com",
      "ip_address": "2409:4050:2dba:a0c:29b5:c717:2672:5b57"
    },
    {
      "action": "Login",
      "timestamp": 1647100605,
      "site": "m.facebook.com",
      "ip_address": "2409:4050:2eb5:8e05::4fc9:3c00"
    },
    {
      "action": "Log out",
      "timestamp": 1647084190,
      "site": "m.facebook.com",
      "ip_address": "2402:8100:200f:5cb7::36fb:2510"
    },
    {
      "action": "Log out",
      "timestamp": 1647076850,
      "site": "m.facebook.com",
      "ip_address": "2402:3a80:1212:8ffe:0:9:fb66:2901"
    },
    {
      "action": "Log out",
      "timestamp": 1647014617,
      "site": "m.facebook.com",
      "ip_address": "2402:3a80:1b21:ddb8:0:49:dc4d:eb01"
    },
    {
      "action": "Login",
      "timestamp": 1647003730,
      "site": "m.facebook.com",
      "ip_address": "2402:3a80:1b21:ddb8:0:49:dc4d:eb01"
    },
    {
      "action": "Login",
      "timestamp": 1647001446,
      "site": "www.facebook.com",
      "ip_address": "2405:204:3218:c2e5:5d41:e93a:42e:63e3"
    },
    {
      "action": "Log out",
      "timestamp": 1646993017,
      "site": "m.facebook.com",
      "ip_address": "2402:3a80:122d:60c4:0:1e:3904:cc01"
    },
    {
      "action": "Login",
      "timestamp": 1646984993,
      "site": "m.facebook.com",
      "ip_address": "2402:3a80:122d:60c4:0:1e:3904:cc01"
    },
    {
      "action": "Log out",
      "timestamp": 1646943884,
      "site": "m.facebook.com",
      "ip_address": "2402:3a80:122d:60c4:0:1e:3904:cc01"
    },
    {
      "action": "Login",
      "timestamp": 1646943370,
      "site": "m.facebook.com",
      "ip_address": "2402:3a80:122d:60c4:0:1e:3904:cc01"
    },
    {
      "action": "Login",
      "timestamp": 1646943348,
      "site": "m.facebook.com",
      "ip_address": "2402:3a80:122d:60c4:0:1e:3904:cc01"
    },
    {
      "action": "Login",
      "timestamp": 1646943347,
      "site": "m.facebook.com",
      "ip_address": "2402:3a80:122d:60c4:0:1e:3904:cc01"
    },
    {
      "action": "Login",
      "timestamp": 1646943346,
      "site": "m.facebook.com",
      "ip_address": "2402:3a80:122d:60c4:0:1e:3904:cc01"
    },
    {
      "action": "Login",
      "timestamp": 1646943345,
      "site": "m.facebook.com",
      "ip_address": "2402:3a80:122d:60c4:0:1e:3904:cc01"
    },
    {
      "action": "Login",
      "timestamp": 1646943344,
      "site": "m.facebook.com",
      "ip_address": "2402:3a80:122d:60c4:0:1e:3904:cc01"
    },
    {
      "action": "Login",
      "timestamp": 1646943343,
      "site": "m.facebook.com",
      "ip_address": "2402:3a80:122d:60c4:0:1e:3904:cc01"
    },
    {
      "action": "Login",
      "timestamp": 1646943341,
      "site": "m.facebook.com",
      "ip_address": "2402:3a80:122d:60c4:0:1e:3904:cc01"
    },
    {
      "action": "Login",
      "timestamp": 1646943339,
      "site": "m.facebook.com",
      "ip_address": "2402:3a80:122d:60c4:0:1e:3904:cc01"
    },
    {
      "action": "Login",
      "timestamp": 1646943338,
      "site": "m.facebook.com",
      "ip_address": "2402:3a80:122d:60c4:0:1e:3904:cc01"
    },
    {
      "action": "Login",
      "timestamp": 1646943336,
      "site": "m.facebook.com",
      "ip_address": "2402:3a80:122d:60c4:0:1e:3904:cc01"
    },
    {
      "action": "Login",
      "timestamp": 1646943335,
      "site": "m.facebook.com",
      "ip_address": "2402:3a80:122d:60c4:0:1e:3904:cc01"
    },
    {
      "action": "Log out",
      "timestamp": 1646939838,
      "site": "m.facebook.com",
      "ip_address": "2402:3a80:1b21:5df3:0:11:ab53:8d01"
    },
    {
      "action": "Log out",
      "timestamp": 1646939794,
      "site": "m.facebook.com",
      "ip_address": "2402:3a80:1b21:5df3:0:11:ab53:8d01"
    },
    {
      "action": "Log out",
      "timestamp": 1646939365,
      "site": "m.facebook.com",
      "ip_address": "2402:3a80:1b21:5df3:0:11:ab53:8d01"
    },
    {
      "action": "Login",
      "timestamp": 1646938820,
      "site": "m.facebook.com",
      "ip_address": "2402:3a80:1b21:5df3:0:11:ab53:8d01"
    },
    {
      "action": "Log out",
      "timestamp": 1646900494,
      "site": "m.facebook.com",
      "ip_address": "2405:204:321a:de8e::14eb:40b0"
    },
    {
      "action": "Login",
      "timestamp": 1646852177,
      "site": "m.facebook.com",
      "ip_address": "2405:204:3210:9140::20df:40b0"
    },
    {
      "action": "Log out",
      "timestamp": 1646836142,
      "site": "m.facebook.com",
      "ip_address": "2405:204:3212:6e1c::2473:88b0"
    },
    {
      "action": "Login",
      "timestamp": 1646836121,
      "site": "m.facebook.com",
      "ip_address": "2405:204:3212:6e1c::2473:88b0"
    },
    {
      "action": "Login",
      "timestamp": 1646836120,
      "site": "m.facebook.com",
      "ip_address": "2405:204:3212:6e1c::2473:88b0"
    },
    {
      "action": "Login",
      "timestamp": 1646836118,
      "site": "m.facebook.com",
      "ip_address": "2405:204:3212:6e1c::2473:88b0"
    },
    {
      "action": "Login",
      "timestamp": 1646836117,
      "site": "m.facebook.com",
      "ip_address": "2405:204:3212:6e1c::2473:88b0"
    },
    {
      "action": "Log out",
      "timestamp": 1646834515,
      "site": "m.facebook.com",
      "ip_address": "2405:204:3212:6e1c::2473:88b0"
    },
    {
      "action": "Login",
      "timestamp": 1646834501,
      "site": "m.facebook.com",
      "ip_address": "2405:204:3212:6e1c::2473:88b0"
    },
    {
      "action": "Log out",
      "timestamp": 1646834492,
      "site": "m.facebook.com",
      "ip_address": "2405:204:3212:6e1c::2473:88b0"
    },
    {
      "action": "Login",
      "timestamp": 1646761429,
      "site": "m.facebook.com",
      "ip_address": "2402:3a80:120d:ca5d:0:15:cd6f:6b01"
    },
    {
      "action": "Log out",
      "timestamp": 1646740766,
      "site": "m.facebook.com",
      "ip_address": "2402:3a80:180f:5233:0:17:4912:1101"
    },
    {
      "action": "Login",
      "timestamp": 1646740755,
      "site": "m.facebook.com",
      "ip_address": "2402:3a80:180f:5233:0:17:4912:1101"
    },
    {
      "action": "Login",
      "timestamp": 1646740754,
      "site": "m.facebook.com",
      "ip_address": "2402:3a80:180f:5233:0:17:4912:1101"
    },
    {
      "action": "Log out",
      "timestamp": 1646740741,
      "site": "m.facebook.com",
      "ip_address": "2402:3a80:180f:5233:0:17:4912:1101"
    },
    {
      "action": "Login",
      "timestamp": 1646740439,
      "site": "m.facebook.com",
      "ip_address": "2402:3a80:180f:5233:0:17:4912:1101"
    },
    {
      "action": "Log out",
      "timestamp": 1646738948,
      "site": "m.facebook.com",
      "ip_address": "2402:3a80:180f:5233:0:17:4912:1101"
    },
    {
      "action": "Login",
      "timestamp": 1646738909,
      "site": "m.facebook.com",
      "ip_address": "2402:3a80:180f:5233:0:17:4912:1101"
    },
    {
      "action": "Login",
      "timestamp": 1646738908,
      "site": "m.facebook.com",
      "ip_address": "2402:3a80:180f:5233:0:17:4912:1101"
    },
    {
      "action": "Login",
      "timestamp": 1646738905,
      "site": "m.facebook.com",
      "ip_address": "2402:3a80:180f:5233:0:17:4912:1101"
    },
    {
      "action": "Login",
      "timestamp": 1646738904,
      "site": "m.facebook.com",
      "ip_address": "2402:3a80:180f:5233:0:17:4912:1101"
    },
    {
      "action": "Log out",
      "timestamp": 1646737488,
      "site": "m.facebook.com",
      "ip_address": "2402:3a80:180f:5233:0:17:4912:1101"
    },
    {
      "action": "Login",
      "timestamp": 1646658983,
      "site": "m.facebook.com",
      "ip_address": "2402:3a80:121f:d8ce:0:22:9d98:1e01"
    },
    {
      "action": "Login",
      "timestamp": 1646658980,
      "site": "m.facebook.com",
      "ip_address": "2402:3a80:121f:d8ce:0:22:9d98:1e01"
    },
    {
      "action": "Login",
      "timestamp": 1646658977,
      "site": "m.facebook.com",
      "ip_address": "2402:3a80:121f:d8ce:0:22:9d98:1e01"
    },
    {
      "action": "Log out",
      "timestamp": 1646592536,
      "site": "m.facebook.com",
      "ip_address": "2405:204:321f:4d66::2aef:48a5"
    },
    {
      "action": "Login",
      "timestamp": 1646592472,
      "site": "m.facebook.com",
      "ip_address": "2405:204:321f:4d66::2aef:48a5"
    },
    {
      "action": "Log out",
      "timestamp": 1646592104,
      "site": "m.facebook.com",
      "ip_address": "2405:204:321f:4d66::2aef:48a5"
    },
    {
      "action": "Login",
      "timestamp": 1646304245,
      "site": "m.facebook.com",
      "ip_address": "2405:204:148d:967::2ac9:48a5"
    },
    {
      "action": "Log out",
      "timestamp": 1646304243,
      "site": "m.facebook.com",
      "ip_address": "2405:204:148d:967::2ac9:48a5"
    },
    {
      "action": "Log out",
      "timestamp": 1646304242,
      "site": "m.facebook.com",
      "ip_address": "2405:204:148d:967::2ac9:48a5"
    },
    {
      "action": "Log out",
      "timestamp": 1646165441,
      "site": "m.facebook.com",
      "ip_address": "2402:3a80:120d:21f8:0:42:2e10:6a01"
    },
    {
      "action": "Login",
      "timestamp": 1645948229,
      "site": "m.facebook.com",
      "ip_address": "2402:3a80:1805:6ed9::5117:5601"
    },
    {
      "action": "Login",
      "timestamp": 1645948227,
      "site": "m.facebook.com",
      "ip_address": "2402:3a80:1805:6ed9::5117:5601"
    },
    {
      "action": "Login",
      "timestamp": 1645948225,
      "site": "m.facebook.com",
      "ip_address": "2402:3a80:1805:6ed9::5117:5601"
    },
    {
      "action": "Login",
      "timestamp": 1645948223,
      "site": "m.facebook.com",
      "ip_address": "2402:3a80:1805:6ed9::5117:5601"
    },
    {
      "action": "Login",
      "timestamp": 1645948220,
      "site": "m.facebook.com",
      "ip_address": "2402:3a80:1805:6ed9::5117:5601"
    },
    {
      "action": "Log out",
      "timestamp": 1645946105,
      "site": "m.facebook.com",
      "ip_address": "2402:8100:2010:8987::3028:638d"
    },
    {
      "action": "Login",
      "timestamp": 1645945729,
      "site": "m.facebook.com",
      "ip_address": "2402:8100:2010:8987::3028:638d"
    },
    {
      "action": "Log out",
      "timestamp": 1645937040,
      "site": "m.facebook.com",
      "ip_address": "2402:8100:2010:8987::3028:638d"
    },
    {
      "action": "Login",
      "timestamp": 1645936751,
      "site": "m.facebook.com",
      "ip_address": "2402:8100:2010:8987::3028:638d"
    },
    {
      "action": "Log out",
      "timestamp": 1645929612,
      "site": "m.facebook.com",
      "ip_address": "2402:8100:200f:922d::2ef7:166e"
    },
    {
      "action": "Login",
      "timestamp": 1643341040,
      "site": "m.facebook.com",
      "ip_address": "2405:204:130c:c3ce::102a:b8a1"
    },
    {
      "action": "Log out",
      "timestamp": 1643330463,
      "site": "www.facebook.com",
      "ip_address": "103.176.140.37"
    },
    {
      "action": "Log out",
      "timestamp": 1643330254,
      "site": "m.facebook.com",
      "ip_address": "2405:204:130c:c3ce::102a:b8a1"
    },
    {
      "action": "Login",
      "timestamp": 1643316303,
      "site": "www.facebook.com",
      "ip_address": "45.251.51.153"
    },
    {
      "action": "Log out",
      "timestamp": 1643316294,
      "site": "www.facebook.com",
      "ip_address": "45.251.51.153"
    },
    {
      "action": "Login",
      "timestamp": 1643315504,
      "site": "m.facebook.com",
      "ip_address": "45.251.51.153"
    },
    {
      "action": "Log out",
      "timestamp": 1643315478,
      "site": "m.facebook.com",
      "ip_address": "45.251.51.153"
    },
    {
      "action": "Login",
      "timestamp": 1643314580,
      "site": "m.facebook.com",
      "ip_address": "45.251.51.153"
    },
    {
      "action": "Log out",
      "timestamp": 1643314550,
      "site": "www.facebook.com",
      "ip_address": "45.251.51.153"
    },
    {
      "action": "Login",
      "timestamp": 1643314547,
      "site": "www.facebook.com",
      "ip_address": "45.251.51.153"
    },
    {
      "action": "Log out",
      "timestamp": 1643314543,
      "site": "www.facebook.com",
      "ip_address": "45.251.51.153"
    },
    {
      "action": "Login",
      "timestamp": 1643314539,
      "site": "www.facebook.com",
      "ip_address": "45.251.51.153"
    },
    {
      "action": "Log out",
      "timestamp": 1643314538,
      "site": "www.facebook.com",
      "ip_address": "45.251.51.153"
    },
    {
      "action": "Log out",
      "timestamp": 1642881073,
      "site": "www.facebook.com",
      "ip_address": "116.206.159.135"
    },
    {
      "action": "Login",
      "timestamp": 1642796898,
      "site": "www.facebook.com",
      "ip_address": "116.206.159.135"
    },
    {
      "action": "Log out",
      "timestamp": 1642135360,
      "site": "www.facebook.com",
      "ip_address": "8.17.206.162"
    },
    {
      "action": "Login",
      "timestamp": 1642048236,
      "site": "www.facebook.com",
      "ip_address": "8.26.180.62"
    },
    {
      "action": "Login",
      "timestamp": 1642048229,
      "site": "www.facebook.com",
      "ip_address": "8.26.180.62"
    },
    {
      "action": "Login",
      "timestamp": 1641758132,
      "site": "www.facebook.com",
      "ip_address": "8.42.172.129"
    },
    {
      "action": "Log out",
      "timestamp": 1641757274,
      "site": "www.facebook.com",
      "ip_address": "8.42.172.129"
    },
    {
      "action": "Login",
      "timestamp": 1641668000,
      "site": "www.facebook.com",
      "ip_address": "8.17.206.159"
    },
    {
      "action": "Login",
      "timestamp": 1641411731,
      "site": "www.facebook.com",
      "ip_address": "2a09:bac0:202::811:cecc"
    },
    {
      "action": "Log out",
      "timestamp": 1641411716,
      "site": "www.facebook.com",
      "ip_address": "2a09:bac0:202::811:cecc"
    },
    {
      "action": "Login",
      "timestamp": 1641411712,
      "site": "www.facebook.com",
      "ip_address": "2a09:bac0:202::811:cecc"
    },
    {
      "action": "Log out",
      "timestamp": 1641411709,
      "site": "www.facebook.com",
      "ip_address": "2a09:bac0:202::811:cecc"
    },
    {
      "action": "Login",
      "timestamp": 1641411705,
      "site": "www.facebook.com",
      "ip_address": "2a09:bac0:202::811:cecc"
    },
    {
      "action": "Log out",
      "timestamp": 1641411703,
      "site": "www.facebook.com",
      "ip_address": "2a09:bac0:202::811:cecc"
    },
    {
      "action": "Login",
      "timestamp": 1641411696,
      "site": "www.facebook.com",
      "ip_address": "2a09:bac0:202::811:cecc"
    },
    {
      "action": "Log out",
      "timestamp": 1641411694,
      "site": "www.facebook.com",
      "ip_address": "2a09:bac0:202::811:cecc"
    },
    {
      "action": "Login",
      "timestamp": 1641411690,
      "site": "www.facebook.com",
      "ip_address": "2a09:bac0:202::811:cecc"
    },
    {
      "action": "Log out",
      "timestamp": 1641411687,
      "site": "www.facebook.com",
      "ip_address": "2a09:bac0:202::811:cecc"
    },
    {
      "action": "Log out",
      "timestamp": 1641317031,
      "site": "www.facebook.com",
      "ip_address": "8.17.206.122"
    },
    {
      "action": "Login",
      "timestamp": 1641237336,
      "site": "www.facebook.com",
      "ip_address": "8.34.69.40"
    },
    {
      "action": "Log out",
      "timestamp": 1641237311,
      "site": "www.facebook.com",
      "ip_address": "8.34.69.40"
    },
    {
      "action": "Login",
      "timestamp": 1641236776,
      "site": "www.facebook.com",
      "ip_address": "8.34.69.40"
    },
    {
      "action": "Log out",
      "timestamp": 1641235588,
      "site": "www.facebook.com",
      "ip_address": "8.34.69.40"
    },
    {
      "action": "Login",
      "timestamp": 1641235169,
      "site": "www.facebook.com",
      "ip_address": "8.34.69.40"
    },
    {
      "action": "Login",
      "timestamp": 1641175814,
      "site": "www.facebook.com",
      "ip_address": "45.251.48.189"
    },
    {
      "action": "Log out",
      "timestamp": 1641145954,
      "site": "www.facebook.com",
      "ip_address": "2a09:bac0:202::811:cecc"
    },
    {
      "action": "Login",
      "timestamp": 1640628197,
      "site": "www.facebook.com",
      "ip_address": "2409:4050:e1e:3cbd::4f49:e90c"
    },
    {
      "action": "Log out",
      "timestamp": 1640623113,
      "site": "www.facebook.com",
      "ip_address": "2409:4050:e1e:3cbd::4f49:e90c"
    },
    {
      "action": "Login",
      "timestamp": 1639801460,
      "site": "www.facebook.com",
      "ip_address": "103.77.2.19"
    },
    {
      "action": "Log out",
      "timestamp": 1639801455,
      "site": "www.facebook.com",
      "ip_address": "103.77.2.19"
    },
    {
      "action": "Login",
      "timestamp": 1639801445,
      "site": "www.facebook.com",
      "ip_address": "103.77.2.19"
    },
    {
      "action": "Log out",
      "timestamp": 1639801443,
      "site": "www.facebook.com",
      "ip_address": "103.77.2.19"
    },
    {
      "action": "Login",
      "timestamp": 1639773567,
      "site": "www.facebook.com",
      "ip_address": "103.77.2.19"
    },
    {
      "action": "Log out",
      "timestamp": 1639773374,
      "site": "www.facebook.com",
      "ip_address": "103.77.2.19"
    },
    {
      "action": "Login",
      "timestamp": 1639773057,
      "site": "www.facebook.com",
      "ip_address": "103.77.2.19"
    },
    {
      "action": "Log out",
      "timestamp": 1639772434,
      "site": "www.facebook.com",
      "ip_address": "103.77.2.19"
    },
    {
      "action": "Login",
      "timestamp": 1639772019,
      "site": "www.facebook.com",
      "ip_address": "103.77.2.19"
    },
    {
      "action": "Log out",
      "timestamp": 1639764500,
      "site": "www.facebook.com",
      "ip_address": "103.77.2.19"
    },
    {
      "action": "Login",
      "timestamp": 1639758212,
      "site": "www.facebook.com",
      "ip_address": "2405:204:122b:ba3::c27:8a1"
    },
    {
      "action": "Log out",
      "timestamp": 1639756339,
      "site": "www.facebook.com",
      "ip_address": "2405:204:122b:ba3::c27:8a1"
    },
    {
      "action": "Login",
      "timestamp": 1639751300,
      "site": "www.facebook.com",
      "ip_address": "103.77.2.65"
    },
    {
      "action": "Log out",
      "timestamp": 1639749661,
      "site": "www.facebook.com",
      "ip_address": "103.77.2.65"
    },
    {
      "action": "Login",
      "timestamp": 1639699128,
      "site": "www.facebook.com",
      "ip_address": "45.251.49.151"
    },
    {
      "action": "Log out",
      "timestamp": 1639673005,
      "site": "www.facebook.com",
      "ip_address": "157.37.141.142"
    },
    {
      "action": "Login",
      "timestamp": 1639673002,
      "site": "www.facebook.com",
      "ip_address": "157.37.141.142"
    },
    {
      "action": "Log out",
      "timestamp": 1639672991,
      "site": "www.facebook.com",
      "ip_address": "157.37.141.142"
    },
    {
      "action": "Login",
      "timestamp": 1639666125,
      "site": "www.facebook.com",
      "ip_address": "45.251.49.151"
    },
    {
      "action": "Log out",
      "timestamp": 1639661261,
      "site": "www.facebook.com",
      "ip_address": "45.251.49.151"
    },
    {
      "action": "Login",
      "timestamp": 1639626526,
      "site": "www.facebook.com",
      "ip_address": "45.251.49.151"
    }
  ]
}