{
  "devices_v2": [
    {
      "type": "unknown",
      "os": "Android unknown",
      "update_time": 1648357078,
      "family_device_id": "1B6B027A-FFC0-57CF-829B-B94C3E01FC2F",
      "device_locale": "en_GB"
    },
    {
      "type": "SM-G985F",
      "os": "Android 12",
      "update_time": 1643314557,
      "advertiser_id": "6d1ab3ac-e50e-456b-8230-8e7bacbc668e",
      "udid": "26da7483-32ac-4834-8958-072efb4cfc73",
      "family_device_id": "9B4BE47A-020A-4584-86D1-C6F2C8A66C18",
      "device_locale": "en_US"
    }
  ]
}