{
  "admin_records_v2": [
    {
      "event": "Email change",
      "session": {
        "created_timestamp": 1639628285,
        "ip_address": "45.251.49.151",
        "user_agent": "C++/THttpClient",
        "datr_cookie": "dz3fYGMUB7uHRqjJqMrsn3j7"
      },
      "extra_info": {
        "old_name": "",
        "new_name": "",
        "old_number": "",
        "old_vanity": "",
        "new_vanity": "",
        "old_email": "+918743885528",
        "new_email": "prtk6592@gmail.com",
        "new_number": ""
      }
    },
    {
      "event": "Contactpoint Add",
      "session": {
        "created_timestamp": 1639628280,
        "ip_address": "45.251.49.151",
        "user_agent": "[FBAN/FB4A;FBAV/347.0.0.28.237;FBBV/337279711;FBDM/{density=3.75,width=1440,height=2923};FBLC/en_GB;FBRV/339100124;FBCR/JIO 4G;FBMF/samsung;FBBD/samsung;FBPN/com.facebook.katana;FBDV/SM-G985F;FBSV/11;FBBK/1;FBOP/19;FBCA/arm64-v8a:;]",
        "datr_cookie": "dz3fYGMUB7uHRqjJqMrsn3j7"
      },
      "extra_info": {
        "old_name": "",
        "new_name": "",
        "old_number": "",
        "old_vanity": "",
        "new_vanity": "",
        "old_email": "",
        "new_email": "prtk6592@gmail.com",
        "new_number": ""
      }
    },
    {
      "event": "Email change",
      "session": {
        "created_timestamp": 1639628279,
        "ip_address": "45.251.49.151",
        "user_agent": "[FBAN/FB4A;FBAV/347.0.0.28.237;FBBV/337279711;FBDM/{density=3.75,width=1440,height=2923};FBLC/en_GB;FBRV/339100124;FBCR/JIO 4G;FBMF/samsung;FBBD/samsung;FBPN/com.facebook.katana;FBDV/SM-G985F;FBSV/11;FBBK/1;FBOP/19;FBCA/arm64-v8a:;]",
        "datr_cookie": "dz3fYGMUB7uHRqjJqMrsn3j7"
      },
      "extra_info": {
        "old_name": "",
        "new_name": "",
        "old_number": "",
        "old_vanity": "",
        "new_vanity": "",
        "old_email": "",
        "new_email": "prtk6592@gmail.com",
        "new_number": ""
      }
    },
    {
      "event": "Checkpoint completed",
      "session": {
        "created_timestamp": 1639626542,
        "ip_address": "45.251.49.151",
        "user_agent": "[FBAN/FB4A;FBAV/347.0.0.28.237;FBBV/337279711;FBDM/{density=3.75,width=1440,height=2923};FBLC/en_GB;FBRV/339100124;FBCR/JIO 4G;FBMF/samsung;FBBD/samsung;FBPN/com.facebook.katana;FBDV/SM-G985F;FBSV/11;FBOP/19;FBCA/arm64-v8a:;]",
        "datr_cookie": "dz3fYGMUB7uHRqjJqMrsn3j7"
      }
    },
    {
      "event": "Add Phone Number",
      "session": {
        "created_timestamp": 1639626541,
        "ip_address": "45.251.49.151",
        "user_agent": "[FBAN/FB4A;FBAV/347.0.0.28.237;FBBV/337279711;FBDM/{density=3.75,width=1440,height=2923};FBLC/en_GB;FBRV/339100124;FBCR/JIO 4G;FBMF/samsung;FBBD/samsung;FBPN/com.facebook.katana;FBDV/SM-G985F;FBSV/11;FBOP/19;FBCA/arm64-v8a:;]",
        "datr_cookie": "dz3fYGMUB7uHRqjJqMrsn3j7"
      },
      "extra_info": {
        "old_name": "",
        "new_name": "",
        "old_number": "",
        "old_vanity": "",
        "new_vanity": "",
        "old_email": "",
        "new_email": "",
        "new_number": "+918743885528"
      }
    },
    {
      "event": "Checkpoint",
      "session": {
        "created_timestamp": 1639626521,
        "ip_address": "45.251.49.151",
        "user_agent": "Dalvik/2.1.0 (Linux; U; Android 11; SM-G985F Build/RP1A.200720.012) [FBAN/FB4A;FBAV/347.0.0.28.237;FBPN/com.facebook.katana;FBLC/en_GB;FBBV/337279711;FBCR/JIO 4G;FBMF/samsung;FBBD/samsung;FBDV/SM-G985F;FBSV/11;FBCA/arm64-v8a:null;FBDM/{density=3.75,width=1440,height=2923};FB_FW/1;FBRV/339100124;]",
        "datr_cookie": "dz3fYGMUB7uHRqjJqMrsn3j7"
      }
    }
  ]
}