{
  "active_sessions_v2": [
    {
      "created_timestamp": 1648391279,
      "updated_timestamp": 1648391871,
      "ip_address": "2405:204:1485:83d3:75d9:10a9:3e3c:8216",
      "user_agent": "Mozilla/5.0 (Windows NT 10.0; Win64; x64) AppleWebKit/537.36 (KHTML, like Gecko) Chrome/98.0.4758.119 Safari/537.36",
      "datr_cookie": "ViRoYZpHL6aElzKniYV5Yncg",
      "device": "Windows PC",
      "location": "Noida, India",
      "app": "Chrome",
      "session_type": "web"
    },
    {
      "created_timestamp": 1648179411,
      "updated_timestamp": 1648387862,
      "ip_address": "2402:3a80:120c:3b19:0:26:96d1:8801",
      "user_agent": "Mozilla/5.0 (Linux; Android 12; SM-G985F Build/SP1A.210812.016) AppleWebKit/537.36 (KHTML, like Gecko) Chrome/99.0.4844.73 Mobile Safari/537.36 OPT/2.9",
      "datr_cookie": "LKzeYavGC50KwSrLg2HvztmA",
      "device": "Android",
      "location": "Delhi, India",
      "app": "Chrome",
      "session_type": "mobile_web"
    },
    {
      "created_timestamp": 1647540725,
      "ip_address": "2409:4050:2e32:54f1::4f49:1b03",
      "user_agent": "Mozilla/5.0 (Linux; Android 12; SM-G985F Build/SP1A.210812.016) AppleWebKit/537.36 (KHTML, like Gecko) Chrome/99.0.4844.73 Mobile Safari/537.36 OPT/2.9",
      "datr_cookie": "LKzeYavGC50KwSrLg2HvztmA",
      "device": "Android",
      "location": "Delhi, India",
      "app": "Chrome",
      "session_type": "mobile_web"
    },
    {
      "created_timestamp": 1647517707,
      "ip_address": "2402:3a80:1be9:bd0a::9c80:8ba7",
      "user_agent": "Mozilla/5.0 (Linux; Android 12; SM-G985F Build/SP1A.210812.016) AppleWebKit/537.36 (KHTML, like Gecko) Chrome/99.0.4844.73 Mobile Safari/537.36 OPT/2.9",
      "datr_cookie": "LKzeYavGC50KwSrLg2HvztmA",
      "device": "Android",
      "location": "Delhi, India",
      "app": "Chrome",
      "session_type": "mobile_web"
    },
    {
      "created_timestamp": 1647517707,
      "ip_address": "2402:3a80:1be9:bd0a::9c80:8ba7",
      "user_agent": "Mozilla/5.0 (Linux; Android 12; SM-G985F Build/SP1A.210812.016) AppleWebKit/537.36 (KHTML, like Gecko) Chrome/99.0.4844.73 Mobile Safari/537.36 OPT/2.9",
      "datr_cookie": "LKzeYavGC50KwSrLg2HvztmA",
      "device": "Android",
      "location": "Delhi, India",
      "app": "Chrome",
      "session_type": "mobile_web"
    },
    {
      "created_timestamp": 1647517704,
      "ip_address": "2402:3a80:1be9:bd0a::9c80:8ba7",
      "user_agent": "Mozilla/5.0 (Linux; Android 12; SM-G985F Build/SP1A.210812.016) AppleWebKit/537.36 (KHTML, like Gecko) Chrome/99.0.4844.73 Mobile Safari/537.36 OPT/2.9",
      "datr_cookie": "LKzeYavGC50KwSrLg2HvztmA",
      "device": "Android",
      "location": "Delhi, India",
      "app": "Chrome",
      "session_type": "mobile_web"
    },
    {
      "created_timestamp": 1647517701,
      "ip_address": "2402:3a80:1be9:bd0a::9c80:8ba7",
      "user_agent": "Mozilla/5.0 (Linux; Android 12; SM-G985F Build/SP1A.210812.016) AppleWebKit/537.36 (KHTML, like Gecko) Chrome/99.0.4844.73 Mobile Safari/537.36 OPT/2.9",
      "datr_cookie": "LKzeYavGC50KwSrLg2HvztmA",
      "device": "Android",
      "location": "Delhi, India",
      "app": "Chrome",
      "session_type": "mobile_web"
    },
    {
      "created_timestamp": 1646943345,
      "ip_address": "2402:3a80:122d:60c4:0:1e:3904:cc01",
      "user_agent": "Mozilla/5.0 (Linux; Android 12; SM-G985F Build/SP1A.210812.016) AppleWebKit/537.36 (KHTML, like Gecko) Chrome/98.0.4758.101 Mobile Safari/537.36 OPT/2.9",
      "datr_cookie": "LKzeYavGC50KwSrLg2HvztmA",
      "device": "Android",
      "location": "Delhi, India",
      "app": "Chrome",
      "session_type": "mobile_web"
    },
    {
      "created_timestamp": 1646943344,
      "ip_address": "2402:3a80:122d:60c4:0:1e:3904:cc01",
      "user_agent": "Mozilla/5.0 (Linux; Android 12; SM-G985F Build/SP1A.210812.016) AppleWebKit/537.36 (KHTML, like Gecko) Chrome/98.0.4758.101 Mobile Safari/537.36 OPT/2.9",
      "datr_cookie": "LKzeYavGC50KwSrLg2HvztmA",
      "device": "Android",
      "location": "Delhi, India",
      "app": "Chrome",
      "session_type": "mobile_web"
    },
    {
      "created_timestamp": 1646943343,
      "ip_address": "2402:3a80:122d:60c4:0:1e:3904:cc01",
      "user_agent": "Mozilla/5.0 (Linux; Android 12; SM-G985F Build/SP1A.210812.016) AppleWebKit/537.36 (KHTML, like Gecko) Chrome/98.0.4758.101 Mobile Safari/537.36 OPT/2.9",
      "datr_cookie": "LKzeYavGC50KwSrLg2HvztmA",
      "device": "Android",
      "location": "Delhi, India",
      "app": "Chrome",
      "session_type": "mobile_web"
    },
    {
      "created_timestamp": 1646943343,
      "ip_address": "2402:3a80:122d:60c4:0:1e:3904:cc01",
      "user_agent": "Mozilla/5.0 (Linux; Android 12; SM-G985F Build/SP1A.210812.016) AppleWebKit/537.36 (KHTML, like Gecko) Chrome/98.0.4758.101 Mobile Safari/537.36 OPT/2.9",
      "datr_cookie": "LKzeYavGC50KwSrLg2HvztmA",
      "device": "Android",
      "location": "Delhi, India",
      "app": "Chrome",
      "session_type": "mobile_web"
    },
    {
      "created_timestamp": 1646943339,
      "ip_address": "2402:3a80:122d:60c4:0:1e:3904:cc01",
      "user_agent": "Mozilla/5.0 (Linux; Android 12; SM-G985F Build/SP1A.210812.016) AppleWebKit/537.36 (KHTML, like Gecko) Chrome/98.0.4758.101 Mobile Safari/537.36 OPT/2.9",
      "datr_cookie": "LKzeYavGC50KwSrLg2HvztmA",
      "device": "Android",
      "location": "Delhi, India",
      "app": "Chrome",
      "session_type": "mobile_web"
    },
    {
      "created_timestamp": 1646943338,
      "ip_address": "2402:3a80:122d:60c4:0:1e:3904:cc01",
      "user_agent": "Mozilla/5.0 (Linux; Android 12; SM-G985F Build/SP1A.210812.016) AppleWebKit/537.36 (KHTML, like Gecko) Chrome/98.0.4758.101 Mobile Safari/537.36 OPT/2.9",
      "datr_cookie": "LKzeYavGC50KwSrLg2HvztmA",
      "device": "Android",
      "location": "Delhi, India",
      "app": "Chrome",
      "session_type": "mobile_web"
    },
    {
      "created_timestamp": 1642048229,
      "ip_address": "8.26.180.62",
      "user_agent": "Mozilla/5.0 (Windows NT 10.0; Win64; x64) AppleWebKit/537.36 (KHTML, like Gecko) Chrome/94.0.4606.85 Safari/537.36",
      "datr_cookie": "ViRoYZpHL6aElzKniYV5Yncg",
      "device": "Windows PC",
      "location": "Unknown location",
      "app": "Chrome",
      "session_type": "web"
    }
  ]
}