{
  "custom_audiences_all_types_v2": [
    {
      "advertiser_name": "GroupM Media India Private Limited",
      "has_data_file_custom_audience": true,
      "has_remarketing_custom_audience": true,
      "has_in_person_store_visit": false
    },
    {
      "advertiser_name": "Hotstar",
      "has_data_file_custom_audience": true,
      "has_remarketing_custom_audience": false,
      "has_in_person_store_visit": false
    },
    {
      "advertiser_name": "UpStart & CodeUp",
      "has_data_file_custom_audience": true,
      "has_remarketing_custom_audience": false,
      "has_in_person_store_visit": false
    },
    {
      "advertiser_name": "Paytm",
      "has_data_file_custom_audience": true,
      "has_remarketing_custom_audience": false,
      "has_in_person_store_visit": false
    },
    {
      "advertiser_name": "Nielsen",
      "has_data_file_custom_audience": true,
      "has_remarketing_custom_audience": false,
      "has_in_person_store_visit": false
    },
    {
      "advertiser_name": "Nhost",
      "has_data_file_custom_audience": true,
      "has_remarketing_custom_audience": false,
      "has_in_person_store_visit": false
    },
    {
      "advertiser_name": "Vserv Digital Services Private Limited",
      "has_data_file_custom_audience": true,
      "has_remarketing_custom_audience": false,
      "has_in_person_store_visit": false
    },
    {
      "advertiser_name": "Swiggy",
      "has_data_file_custom_audience": true,
      "has_remarketing_custom_audience": false,
      "has_in_person_store_visit": false
    },
    {
      "advertiser_name": "Binance",
      "has_data_file_custom_audience": true,
      "has_remarketing_custom_audience": false,
      "has_in_person_store_visit": false
    },
    {
      "advertiser_name": "Turing",
      "has_data_file_custom_audience": true,
      "has_remarketing_custom_audience": false,
      "has_in_person_store_visit": false
    },
    {
      "advertiser_name": "Cheil South West Asia Regional Headquarter",
      "has_data_file_custom_audience": true,
      "has_remarketing_custom_audience": false,
      "has_in_person_store_visit": false
    },
    {
      "advertiser_name": "Lenovo Malaysia",
      "has_data_file_custom_audience": false,
      "has_remarketing_custom_audience": true,
      "has_in_person_store_visit": false
    },
    {
      "advertiser_name": "LenovoBenelux",
      "has_data_file_custom_audience": false,
      "has_remarketing_custom_audience": true,
      "has_in_person_store_visit": false
    },
    {
      "advertiser_name": "Lenovo Norge",
      "has_data_file_custom_audience": false,
      "has_remarketing_custom_audience": true,
      "has_in_person_store_visit": false
    },
    {
      "advertiser_name": "Lenovo Sverige",
      "has_data_file_custom_audience": false,
      "has_remarketing_custom_audience": true,
      "has_in_person_store_visit": false
    },
    {
      "advertiser_name": "Lenovo Deutschland, \u00c3\u0096sterreich & Schweiz",
      "has_data_file_custom_audience": false,
      "has_remarketing_custom_audience": true,
      "has_in_person_store_visit": false
    },
    {
      "advertiser_name": "Performics Singapore",
      "has_data_file_custom_audience": false,
      "has_remarketing_custom_audience": true,
      "has_in_person_store_visit": false
    },
    {
      "advertiser_name": "Starcom Chile",
      "has_data_file_custom_audience": false,
      "has_remarketing_custom_audience": true,
      "has_in_person_store_visit": false
    },
    {
      "advertiser_name": "Lenovo for Business",
      "has_data_file_custom_audience": false,
      "has_remarketing_custom_audience": true,
      "has_in_person_store_visit": false
    },
    {
      "advertiser_name": "Performics",
      "has_data_file_custom_audience": false,
      "has_remarketing_custom_audience": true,
      "has_in_person_store_visit": false
    },
    {
      "advertiser_name": "Lenovo Danmark",
      "has_data_file_custom_audience": false,
      "has_remarketing_custom_audience": true,
      "has_in_person_store_visit": false
    },
    {
      "advertiser_name": "Lenovo Portugal",
      "has_data_file_custom_audience": false,
      "has_remarketing_custom_audience": true,
      "has_in_person_store_visit": false
    },
    {
      "advertiser_name": "Zenith Optimedia Thailand - THB",
      "has_data_file_custom_audience": false,
      "has_remarketing_custom_audience": true,
      "has_in_person_store_visit": false
    },
    {
      "advertiser_name": "Lenovo Espa\u00c3\u00b1a",
      "has_data_file_custom_audience": false,
      "has_remarketing_custom_audience": true,
      "has_in_person_store_visit": false
    },
    {
      "advertiser_name": "Yat",
      "has_data_file_custom_audience": false,
      "has_remarketing_custom_audience": true,
      "has_in_person_store_visit": false
    },
    {
      "advertiser_name": "Sun Bingo",
      "has_data_file_custom_audience": false,
      "has_remarketing_custom_audience": true,
      "has_in_person_store_visit": false
    },
    {
      "advertiser_name": "Virgin Radio UK",
      "has_data_file_custom_audience": false,
      "has_remarketing_custom_audience": true,
      "has_in_person_store_visit": false
    },
    {
      "advertiser_name": "Lenovo UK and Ireland",
      "has_data_file_custom_audience": false,
      "has_remarketing_custom_audience": true,
      "has_in_person_store_visit": false
    },
    {
      "advertiser_name": "Lenovo Thailand",
      "has_data_file_custom_audience": false,
      "has_remarketing_custom_audience": true,
      "has_in_person_store_visit": false
    },
    {
      "advertiser_name": "Dealigo",
      "has_data_file_custom_audience": false,
      "has_remarketing_custom_audience": true,
      "has_in_person_store_visit": false
    },
    {
      "advertiser_name": "Ally Love",
      "has_data_file_custom_audience": false,
      "has_remarketing_custom_audience": true,
      "has_in_person_store_visit": false
    },
    {
      "advertiser_name": "Lenovo ThinkPad",
      "has_data_file_custom_audience": false,
      "has_remarketing_custom_audience": true,
      "has_in_person_store_visit": false
    },
    {
      "advertiser_name": "Page01",
      "has_data_file_custom_audience": false,
      "has_remarketing_custom_audience": true,
      "has_in_person_store_visit": false
    },
    {
      "advertiser_name": "Acceler8 Labs",
      "has_data_file_custom_audience": false,
      "has_remarketing_custom_audience": true,
      "has_in_person_store_visit": false
    },
    {
      "advertiser_name": "Lenovo Canada",
      "has_data_file_custom_audience": false,
      "has_remarketing_custom_audience": true,
      "has_in_person_store_visit": false
    },
    {
      "advertiser_name": "Lenovo France",
      "has_data_file_custom_audience": false,
      "has_remarketing_custom_audience": true,
      "has_in_person_store_visit": false
    },
    {
      "advertiser_name": "digibank by DBS",
      "has_data_file_custom_audience": false,
      "has_remarketing_custom_audience": true,
      "has_in_person_store_visit": false
    },
    {
      "advertiser_name": "PFX2",
      "has_data_file_custom_audience": false,
      "has_remarketing_custom_audience": true,
      "has_in_person_store_visit": false
    },
    {
      "advertiser_name": "CNET",
      "has_data_file_custom_audience": false,
      "has_remarketing_custom_audience": true,
      "has_in_person_store_visit": false
    },
    {
      "advertiser_name": "Publicis One Miami",
      "has_data_file_custom_audience": false,
      "has_remarketing_custom_audience": true,
      "has_in_person_store_visit": false
    },
    {
      "advertiser_name": "Lenovo LATAM",
      "has_data_file_custom_audience": false,
      "has_remarketing_custom_audience": true,
      "has_in_person_store_visit": false
    },
    {
      "advertiser_name": "AOD - ZenithOptimedia SG",
      "has_data_file_custom_audience": false,
      "has_remarketing_custom_audience": true,
      "has_in_person_store_visit": false
    },
    {
      "advertiser_name": "DBS",
      "has_data_file_custom_audience": false,
      "has_remarketing_custom_audience": true,
      "has_in_person_store_visit": false
    },
    {
      "advertiser_name": "iProspect",
      "has_data_file_custom_audience": false,
      "has_remarketing_custom_audience": true,
      "has_in_person_store_visit": false
    },
    {
      "advertiser_name": "Voot",
      "has_data_file_custom_audience": false,
      "has_remarketing_custom_audience": true,
      "has_in_person_store_visit": false
    },
    {
      "advertiser_name": "Aegon Life",
      "has_data_file_custom_audience": false,
      "has_remarketing_custom_audience": true,
      "has_in_person_store_visit": false
    },
    {
      "advertiser_name": "Lenovo United States",
      "has_data_file_custom_audience": false,
      "has_remarketing_custom_audience": true,
      "has_in_person_store_visit": false
    },
    {
      "advertiser_name": "Vi",
      "has_data_file_custom_audience": false,
      "has_remarketing_custom_audience": true,
      "has_in_person_store_visit": false
    },
    {
      "advertiser_name": "Lenovo Brasil",
      "has_data_file_custom_audience": false,
      "has_remarketing_custom_audience": true,
      "has_in_person_store_visit": false
    },
    {
      "advertiser_name": "Red Ventures Digital",
      "has_data_file_custom_audience": false,
      "has_remarketing_custom_audience": true,
      "has_in_person_store_visit": false
    },
    {
      "advertiser_name": "Gaana",
      "has_data_file_custom_audience": false,
      "has_remarketing_custom_audience": true,
      "has_in_person_store_visit": false
    },
    {
      "advertiser_name": "Lenovo",
      "has_data_file_custom_audience": false,
      "has_remarketing_custom_audience": true,
      "has_in_person_store_visit": false
    },
    {
      "advertiser_name": "The Times of India",
      "has_data_file_custom_audience": false,
      "has_remarketing_custom_audience": true,
      "has_in_person_store_visit": false
    },
    {
      "advertiser_name": "POSB",
      "has_data_file_custom_audience": false,
      "has_remarketing_custom_audience": true,
      "has_in_person_store_visit": false
    },
    {
      "advertiser_name": "Lenovo Italy",
      "has_data_file_custom_audience": false,
      "has_remarketing_custom_audience": true,
      "has_in_person_store_visit": false
    },
    {
      "advertiser_name": "Lenovo Italia",
      "has_data_file_custom_audience": false,
      "has_remarketing_custom_audience": true,
      "has_in_person_store_visit": false
    },
    {
      "advertiser_name": "Namecheap.com",
      "has_data_file_custom_audience": false,
      "has_remarketing_custom_audience": true,
      "has_in_person_store_visit": false
    },
    {
      "advertiser_name": "Hulu",
      "has_data_file_custom_audience": false,
      "has_remarketing_custom_audience": true,
      "has_in_person_store_visit": false
    },
    {
      "advertiser_name": "Opera",
      "has_data_file_custom_audience": false,
      "has_remarketing_custom_audience": true,
      "has_in_person_store_visit": false
    },
    {
      "advertiser_name": "IFFCO",
      "has_data_file_custom_audience": false,
      "has_remarketing_custom_audience": true,
      "has_in_person_store_visit": false
    },
    {
      "advertiser_name": "Performics AU",
      "has_data_file_custom_audience": false,
      "has_remarketing_custom_audience": true,
      "has_in_person_store_visit": false
    },
    {
      "advertiser_name": "Lenovo Australia and New Zealand",
      "has_data_file_custom_audience": false,
      "has_remarketing_custom_audience": true,
      "has_in_person_store_visit": false
    },
    {
      "advertiser_name": "Zeno Group",
      "has_data_file_custom_audience": false,
      "has_remarketing_custom_audience": true,
      "has_in_person_store_visit": false
    },
    {
      "advertiser_name": "Kaltura",
      "has_data_file_custom_audience": false,
      "has_remarketing_custom_audience": true,
      "has_in_person_store_visit": false
    }
  ]
}