{
  "off_facebook_activity_v2": [
    {
      "name": "namecheap.com",
      "events": [
        {
          "id": 1420159808240413,
          "type": "CUSTOM",
          "timestamp": 1647726840
        }
      ]
    },
    {
      "name": "cnet.com",
      "events": [
        {
          "id": 789754228632403,
          "type": "CUSTOM",
          "timestamp": 1647201000
        }
      ]
    },
    {
      "name": "espncricinfo.com",
      "events": [
        {
          "id": 504412503408123,
          "type": "PAGE_VIEW",
          "timestamp": 1647076860
        },
        {
          "id": 510706536014478,
          "type": "ADD_TO_CART",
          "timestamp": 1647076860
        }
      ]
    },
    {
      "name": "lenovoshowcase.com",
      "events": [
        {
          "id": 1149674451718822,
          "type": "PAGE_VIEW",
          "timestamp": 1646943660
        },
        {
          "id": 1897021983808116,
          "type": "PAGE_VIEW",
          "timestamp": 1646943660
        },
        {
          "id": 3741988492512402,
          "type": "PAGE_VIEW",
          "timestamp": 1646943660
        }
      ]
    },
    {
      "name": "opera.com",
      "events": [
        {
          "id": 1123357797681867,
          "type": "PAGE_VIEW",
          "timestamp": 1643484900
        }
      ]
    },
    {
      "name": "voot.com",
      "events": [
        {
          "id": 334294196945197,
          "type": "PAGE_VIEW",
          "timestamp": 1643325960
        },
        {
          "id": 334294196945197,
          "type": "PAGE_VIEW",
          "timestamp": 1643323740
        },
        {
          "id": 334294196945197,
          "type": "PAGE_VIEW",
          "timestamp": 1643226480
        },
        {
          "id": 334294196945197,
          "type": "PAGE_VIEW",
          "timestamp": 1643225100
        },
        {
          "id": 334294196945197,
          "type": "PAGE_VIEW",
          "timestamp": 1641762720
        },
        {
          "id": 334294196945197,
          "type": "PAGE_VIEW",
          "timestamp": 1641755520
        },
        {
          "id": 334294196945197,
          "type": "PAGE_VIEW",
          "timestamp": 1641754740
        },
        {
          "id": 334294196945197,
          "type": "PAGE_VIEW",
          "timestamp": 1641244260
        },
        {
          "id": 334294196945197,
          "type": "PAGE_VIEW",
          "timestamp": 1641243360
        },
        {
          "id": 334294196945197,
          "type": "PAGE_VIEW",
          "timestamp": 1641242160
        },
        {
          "id": 334294196945197,
          "type": "PAGE_VIEW",
          "timestamp": 1641241740
        }
      ]
    },
    {
      "name": "sonyliv.com",
      "events": [
        {
          "id": 320213562681126,
          "type": "PAGE_VIEW",
          "timestamp": 1643312280
        },
        {
          "id": 320213562681126,
          "type": "PAGE_VIEW",
          "timestamp": 1643308380
        },
        {
          "id": 320213562681126,
          "type": "DONATE",
          "timestamp": 1643306940
        },
        {
          "id": 320213562681126,
          "type": "PAGE_VIEW",
          "timestamp": 1643303160
        },
        {
          "id": 320213562681126,
          "type": "DONATE",
          "timestamp": 1643302680
        },
        {
          "id": 320213562681126,
          "type": "DONATE",
          "timestamp": 1643220540
        },
        {
          "id": 320213562681126,
          "type": "PAGE_VIEW",
          "timestamp": 1642876080
        },
        {
          "id": 320213562681126,
          "type": "PAGE_VIEW",
          "timestamp": 1642844760
        },
        {
          "id": 320213562681126,
          "type": "PAGE_VIEW",
          "timestamp": 1642839900
        },
        {
          "id": 320213562681126,
          "type": "PAGE_VIEW",
          "timestamp": 1641762720
        },
        {
          "id": 320213562681126,
          "type": "DONATE",
          "timestamp": 1641755460
        },
        {
          "id": 320213562681126,
          "type": "PAGE_VIEW",
          "timestamp": 1641244260
        },
        {
          "id": 320213562681126,
          "type": "PAGE_VIEW",
          "timestamp": 1641243240
        },
        {
          "id": 320213562681126,
          "type": "PAGE_VIEW",
          "timestamp": 1641241800
        },
        {
          "id": 320213562681126,
          "type": "DONATE",
          "timestamp": 1641241440
        }
      ]
    },
    {
      "name": "Truecaller: Caller ID & Block",
      "events": [
        {
          "id": 126694440681943,
          "type": "CUSTOM",
          "timestamp": 1643280300
        },
        {
          "id": 126694440681943,
          "type": "ACTIVATE_APP",
          "timestamp": 1643280060
        },
        {
          "id": 126694440681943,
          "type": "CUSTOM",
          "timestamp": 1643279040
        },
        {
          "id": 126694440681943,
          "type": "CUSTOM",
          "timestamp": 1642842540
        },
        {
          "id": 126694440681943,
          "type": "CUSTOM",
          "timestamp": 1642831800
        },
        {
          "id": 126694440681943,
          "type": "CUSTOM",
          "timestamp": 1642823880
        },
        {
          "id": 126694440681943,
          "type": "CUSTOM",
          "timestamp": 1640047320
        },
        {
          "id": 126694440681943,
          "type": "CUSTOM",
          "timestamp": 1639805640
        },
        {
          "id": 126694440681943,
          "type": "CUSTOM",
          "timestamp": 1639630920
        },
        {
          "id": 126694440681943,
          "type": "CUSTOM",
          "timestamp": 1639630620
        }
      ]
    },
    {
      "name": "Paytm -UPI, Money Transfer, Recharge, Bill Payment",
      "events": [
        {
          "id": 156620457796681,
          "type": "ACTIVATE_APP",
          "timestamp": 1643277900
        },
        {
          "id": 156620457796681,
          "type": "ACTIVATE_APP",
          "timestamp": 1642844760
        },
        {
          "id": 156620457796681,
          "type": "ACTIVATE_APP",
          "timestamp": 1642834020
        },
        {
          "id": 156620457796681,
          "type": "ACTIVATE_APP",
          "timestamp": 1639936320
        },
        {
          "id": 156620457796681,
          "type": "ACTIVATE_APP",
          "timestamp": 1639779120
        }
      ]
    },
    {
      "name": "Practo: Online Doctor Consultations & Appointments",
      "events": [
        {
          "id": 1411072202534493,
          "type": "CUSTOM",
          "timestamp": 1643221740
        },
        {
          "id": 1411072202534493,
          "type": "CUSTOM",
          "timestamp": 1642876140
        },
        {
          "id": 1411072202534493,
          "type": "CUSTOM",
          "timestamp": 1642871280
        },
        {
          "id": 1411072202534493,
          "type": "CUSTOM",
          "timestamp": 1642870260
        },
        {
          "id": 1411072202534493,
          "type": "CUSTOM",
          "timestamp": 1642843800
        },
        {
          "id": 1411072202534493,
          "type": "CUSTOM",
          "timestamp": 1642833900
        },
        {
          "id": 1411072202534493,
          "type": "CUSTOM",
          "timestamp": 1642800000
        },
        {
          "id": 1411072202534493,
          "type": "CUSTOM",
          "timestamp": 1642799520
        },
        {
          "id": 1411072202534493,
          "type": "CUSTOM",
          "timestamp": 1640630340
        },
        {
          "id": 1411072202534493,
          "type": "CUSTOM",
          "timestamp": 1640039460
        },
        {
          "id": 1411072202534493,
          "type": "CUSTOM",
          "timestamp": 1640038920
        },
        {
          "id": 1411072202534493,
          "type": "CUSTOM",
          "timestamp": 1640025180
        },
        {
          "id": 1411072202534493,
          "type": "CUSTOM",
          "timestamp": 1639938540
        }
      ]
    },
    {
      "name": "digibank by DBS India",
      "events": [
        {
          "id": 626666624179061,
          "type": "ACTIVATE_APP",
          "timestamp": 1642834200
        },
        {
          "id": 626666624179061,
          "type": "ACTIVATE_APP",
          "timestamp": 1639936440
        },
        {
          "id": 626666624179061,
          "type": "ACTIVATE_APP",
          "timestamp": 1639779240
        },
        {
          "id": 626666624179061,
          "type": "ACTIVATE_APP",
          "timestamp": 1639777860
        },
        {
          "id": 626666624179061,
          "type": "ACTIVATE_APP",
          "timestamp": 1639666260
        }
      ]
    },
    {
      "name": "hotstar.com",
      "events": [
        {
          "id": 230380961431036,
          "type": "VIEW_CONTENT",
          "timestamp": 1641762720
        },
        {
          "id": 230380961431036,
          "type": "VIEW_CONTENT",
          "timestamp": 1641755400
        },
        {
          "id": 527644444782053,
          "type": "PAGE_VIEW",
          "timestamp": 1641754560
        },
        {
          "id": 2567627093501912,
          "type": "PAGE_VIEW",
          "timestamp": 1641754560
        },
        {
          "id": 2606506079667929,
          "type": "PAGE_VIEW",
          "timestamp": 1641754560
        },
        {
          "id": 230380961431036,
          "type": "VIEW_CONTENT",
          "timestamp": 1641754440
        }
      ]
    },
    {
      "name": "indiatimes.com",
      "events": [
        {
          "id": 593671331875494,
          "type": "PAGE_VIEW",
          "timestamp": 1641759000
        },
        {
          "id": 593671331875494,
          "type": "PAGE_VIEW",
          "timestamp": 1641674100
        }
      ]
    },
    {
      "name": "bloomberg.com",
      "events": [
        {
          "id": 227995338998622,
          "type": "PAGE_VIEW",
          "timestamp": 1641758940
        },
        {
          "id": 227995338998622,
          "type": "PAGE_VIEW",
          "timestamp": 1641754260
        },
        {
          "id": 227995338998622,
          "type": "PAGE_VIEW",
          "timestamp": 1641237360
        }
      ]
    },
    {
      "name": "statista.com",
      "events": [
        {
          "id": 102463640336567,
          "type": "PAGE_VIEW",
          "timestamp": 1641755220
        }
      ]
    },
    {
      "name": "hulu.com",
      "events": [
        {
          "id": 931485653552938,
          "type": "PAGE_VIEW",
          "timestamp": 1641754560
        }
      ]
    },
    {
      "name": "worldtabletennis.com",
      "events": [
        {
          "id": 2475086795969592,
          "type": "PAGE_VIEW",
          "timestamp": 1641244800
        }
      ]
    },
    {
      "name": "kaltura.com",
      "events": [
        {
          "id": 1177421536042243,
          "type": "PAGE_VIEW",
          "timestamp": 1641243600
        }
      ]
    },
    {
      "name": "the-sun.com",
      "events": [
        {
          "id": 282877925815424,
          "type": "START_TRIAL",
          "timestamp": 1641235500
        },
        {
          "id": 752905198150451,
          "type": "PAGE_VIEW",
          "timestamp": 1641235500
        },
        {
          "id": 2133888756862170,
          "type": "PAGE_VIEW",
          "timestamp": 1641235500
        }
      ]
    },
    {
      "name": "WeChat",
      "events": [
        {
          "id": 290293790992170,
          "type": "TOSIMPRESSION",
          "timestamp": 1640717580
        }
      ]
    },
    {
      "name": "Kotak - 811 & Mobile Banking",
      "events": [
        {
          "id": 712908462059537,
          "type": "ACTIVATE_APP",
          "timestamp": 1639790880
        },
        {
          "id": 712908462059537,
          "type": "ACTIVATE_APP",
          "timestamp": 1639779120
        },
        {
          "id": 712908462059537,
          "type": "ACTIVATE_APP",
          "timestamp": 1639776540
        }
      ]
    },
    {
      "name": "TomTom AmiGO - GPS Navigation",
      "events": [
        {
          "id": 373147830469806,
          "type": "ACTIVATE_APP",
          "timestamp": 1639628760
        }
      ]
    }
  ]
}