{
  "reactions_v2": [
    {
      "timestamp": 1639616487,
      "data": [
        {
          "reaction": {
            "reaction": "LIKE",
            "actor": "Prateek Rastogi"
          }
        }
      ],
      "title": "Prateek Rastogi likes KK&Co.'s live video."
    },
    {
      "timestamp": 1639626285,
      "data": [
        {
          "reaction": {
            "reaction": "LIKE",
            "actor": "Prateek Rastogi"
          }
        }
      ],
      "title": "Prateek Rastogi likes Gulistan News Channel's live video: Salaam JK || Morning Updates||Latest Update||08:30am||."
    },
    {
      "timestamp": 1639626645,
      "data": [
        {
          "reaction": {
            "reaction": "LIKE",
            "actor": "Prateek Rastogi"
          }
        }
      ],
      "title": "Prateek Rastogi likes Its A Collection's live video."
    },
    {
      "timestamp": 1639627441,
      "data": [
        {
          "reaction": {
            "reaction": "LIKE",
            "actor": "Prateek Rastogi"
          }
        }
      ],
      "title": "Prateek Rastogi likes T-Series Apna Punjab's video: Taani Chhatri Jedi London (From \"Giddha Meri Jaan\") - Sarbjit Mangat,harinder Hundal."
    },
    {
      "timestamp": 1639627450,
      "data": [
        {
          "reaction": {
            "reaction": "LIKE",
            "actor": "Prateek Rastogi"
          }
        }
      ],
      "title": "Prateek Rastogi likes Zee Music Company's video: Jiyo Re Baahubali | Baahubali 2 The Conclusion | Prabhas & Anushka Shetty | M.M.Kreem, Manoj Muntashir, Daler Mehndi."
    },
    {
      "timestamp": 1639627461,
      "data": [
        {
          "reaction": {
            "reaction": "LIKE",
            "actor": "Prateek Rastogi"
          }
        }
      ],
      "title": "Prateek Rastogi likes YRF - Yash Raj Films's video: Audio: Hum Hain Bank Chor | Bank Chor | Riteish Deshmukh | Kailash Kher."
    },
    {
      "timestamp": 1639627483,
      "data": [
        {
          "reaction": {
            "reaction": "LIKE",
            "actor": "Prateek Rastogi"
          }
        }
      ],
      "title": "Prateek Rastogi likes Zee Music Company's video: More Than Friends - Official Music Video | Master-D."
    },
    {
      "timestamp": 1639627506,
      "data": [
        {
          "reaction": {
            "reaction": "LIKE",
            "actor": "Prateek Rastogi"
          }
        }
      ],
      "title": "Prateek Rastogi likes T-Series Tamil - Kollywood's video: Gananaatha (Tamil) (Full Video Song) From \"Street Dancer 3D\" - Varun Dhawan, Prabhu Deva, Shraddha Kapoor, Sri Krishna, Sachin-Jigar."
    },
    {
      "timestamp": 1639627544,
      "data": [
        {
          "reaction": {
            "reaction": "LIKE",
            "actor": "Prateek Rastogi"
          }
        }
      ],
      "title": "Prateek Rastogi likes Hamaar Bhojpuri's video: Ubad Khabad Badaniya (From \"Dirty Pichkari\") - Ashok Kumar Deep."
    },
    {
      "timestamp": 1639627565,
      "data": [
        {
          "reaction": {
            "reaction": "LIKE",
            "actor": "Prateek Rastogi"
          }
        }
      ],
      "title": "Prateek Rastogi likes Kids Hut's video: The Princess And The Pea - Sourav Mondal."
    },
    {
      "timestamp": 1639627575,
      "data": [
        {
          "reaction": {
            "reaction": "LIKE",
            "actor": "Prateek Rastogi"
          }
        }
      ],
      "title": "Prateek Rastogi likes T-Series's video: Hey Dude (From \"Dhan Dhana Dhan Goal\") - Arshad Warsi - Bipasha Basu - Boman Irani - John Abraham - Devrat - Parvez - Pritam."
    },
    {
      "timestamp": 1639627578,
      "data": [
        {
          "reaction": {
            "reaction": "LIKE",
            "actor": "Prateek Rastogi"
          }
        }
      ],
      "title": "Prateek Rastogi likes T-Series's video: Patakha Guddi (From \"Highway\") - Nooran Sisters | Sultana, Jyoti Nooran, A.R. Rahman | Alia Bhatt, Randeep Hooda."
    },
    {
      "timestamp": 1639627650,
      "data": [
        {
          "reaction": {
            "reaction": "LIKE",
            "actor": "Prateek Rastogi"
          }
        }
      ],
      "title": "Prateek Rastogi likes T-Series's video: Nachange Saari Raat Full Video Song | JUNOONIYAT | Pulkit Samrat,Yami Gautam| T-Series."
    },
    {
      "timestamp": 1639627659,
      "data": [
        {
          "reaction": {
            "reaction": "LIKE",
            "actor": "Prateek Rastogi"
          }
        }
      ],
      "title": "Prateek Rastogi likes T-Series's video: O Saki Saki (From \"Batla House\") Lyrical Video - John Abraham - Mrunal Thakur - Nora Fatehi - Ravi Kishan - Sonam Arora - Neha Kakkar - Tulsi Kumar - B Praak - Tanishk Bagchi - Vishal Shekhar."
    },
    {
      "timestamp": 1639627683,
      "data": [
        {
          "reaction": {
            "reaction": "LIKE",
            "actor": "Prateek Rastogi"
          }
        }
      ],
      "title": "Prateek Rastogi likes T-Series's video: Raakh (From \"Shubh Mangal Zyada Saavdhan\") - Arijit Singh."
    },
    {
      "timestamp": 1639627693,
      "data": [
        {
          "reaction": {
            "reaction": "LIKE",
            "actor": "Prateek Rastogi"
          }
        }
      ],
      "title": "Prateek Rastogi likes T-Series Apna Punjab's video: Surma (Full Song) Mehak Malhotra | Raees, Zain, Sam | Liaqat Jafri | Parmod Sharma Rana."
    },
    {
      "timestamp": 1639627709,
      "data": [
        {
          "reaction": {
            "reaction": "LIKE",
            "actor": "Prateek Rastogi"
          }
        }
      ],
      "title": "Prateek Rastogi likes T-Series Pop Chartbusters's video: Ishq Na Karna Ishq Na Karna (From \"Phir Bewafaai\") - Tulsi Kumar - Nikhil - Agam Kumar Nigam."
    },
    {
      "timestamp": 1639627721,
      "data": [
        {
          "reaction": {
            "reaction": "LIKE",
            "actor": "Prateek Rastogi"
          }
        }
      ],
      "title": "Prateek Rastogi likes YRF - Yash Raj Films's video: Dhoom Dhoom - Full Song | Dhoom | Tata Young | Abhishek | Uday | John."
    },
    {
      "timestamp": 1639627751,
      "data": [
        {
          "reaction": {
            "reaction": "LIKE",
            "actor": "Prateek Rastogi"
          }
        }
      ],
      "title": "Prateek Rastogi likes Zee Music Company's video: Alag - Official Music Video | KR$NA | J.P."
    },
    {
      "timestamp": 1639627768,
      "data": [
        {
          "reaction": {
            "reaction": "LIKE",
            "actor": "Prateek Rastogi"
          }
        }
      ],
      "title": "Prateek Rastogi likes T-Series's video: Meri Ada Bhi (Remix) (From \"Ready\") - Pritam."
    },
    {
      "timestamp": 1639627775,
      "data": [
        {
          "reaction": {
            "reaction": "LIKE",
            "actor": "Prateek Rastogi"
          }
        }
      ],
      "title": "Prateek Rastogi likes T-Series Islamic Music's video: Hum Faqiron Ka Bas Yahi Nara Hai (From \"Ramadan\") - Rahat Fateh Ali Khan."
    },
    {
      "timestamp": 1639627784,
      "data": [
        {
          "reaction": {
            "reaction": "LIKE",
            "actor": "Prateek Rastogi"
          }
        }
      ],
      "title": "Prateek Rastogi likes T-Series's video: Kudiya Shehar Diyan (From \"Poster Boys\") - Daler Mehndi."
    },
    {
      "timestamp": 1639627789,
      "data": [
        {
          "reaction": {
            "reaction": "LIKE",
            "actor": "Prateek Rastogi"
          }
        }
      ],
      "title": "Prateek Rastogi likes T-Series Apna Punjab's video: New Punjabi Songs 2019 | Mehmaan: Billa Gill (Full Song) Music Empire | Latest Punjabi Songs 2019."
    },
    {
      "timestamp": 1639627849,
      "data": [
        {
          "reaction": {
            "reaction": "LIKE",
            "actor": "Prateek Rastogi"
          }
        }
      ],
      "title": "Prateek Rastogi likes YRF - Yash Raj Films's video: Nashe Si Chadh Gayi Song | Befikre | Ranveer Singh | Vaani Kapoor | Arijit Singh."
    },
    {
      "timestamp": 1639627898,
      "data": [
        {
          "reaction": {
            "reaction": "LIKE",
            "actor": "Prateek Rastogi"
          }
        }
      ],
      "title": "Prateek Rastogi likes T-Series's video: Bezubaan Kab Se (From \"Street Dancer 3D\") | Shraddha Kapoor, Varun Dhawan | Sachin-Jigar, Siddharth Basrur, Jubin Nautiyal."
    },
    {
      "timestamp": 1639627940,
      "data": [
        {
          "reaction": {
            "reaction": "LIKE",
            "actor": "Prateek Rastogi"
          }
        }
      ],
      "title": "Prateek Rastogi likes T-Series Apna Punjab's video: Akhiyaan Naar Diyaan: Laung Laachi Ammy VIrk, Mannat Noor | Neeru Bajwa | Latest Punjabi Movie 2018."
    },
    {
      "timestamp": 1639627960,
      "data": [
        {
          "reaction": {
            "reaction": "LIKE",
            "actor": "Prateek Rastogi"
          }
        }
      ],
      "title": "Prateek Rastogi likes Zee Music Company's video: Aahista - Full Video | Laila Majnu | Arijit Singh & Jonita Gandhi | Avinash Tiwary & Tripti Dimri."
    },
    {
      "timestamp": 1639627973,
      "data": [
        {
          "reaction": {
            "reaction": "LIKE",
            "actor": "Prateek Rastogi"
          }
        }
      ],
      "title": "Prateek Rastogi likes T-Series's video: Bulbul (From \"Hey Bro\") Lyrical Video - Maninder Singh - Mahie Gill - Himesh Reshammiya - Shreya Ghoshal - Nitz \u00e2\u0080\u0098N\u00e2\u0080\u0099 Sony."
    },
    {
      "timestamp": 1639628007,
      "data": [
        {
          "reaction": {
            "reaction": "LIKE",
            "actor": "Prateek Rastogi"
          }
        }
      ],
      "title": "Prateek Rastogi likes Bhakti Sagar's video: Twinkle Twinkle Little Krishna I Saurabh, Madhukar, Riwa [Hd Video Song] I Bataao Kahan Milega Shyam."
    },
    {
      "timestamp": 1639628062,
      "data": [
        {
          "reaction": {
            "reaction": "LIKE",
            "actor": "Prateek Rastogi"
          }
        }
      ],
      "title": "Prateek Rastogi likes T-Series's video: Aaoge Jab Tum-Jag Soona Soona | Nandini S | Akhil S | T-SERIES MIXTAPE SEASON 2 | Abhijit V |Ep - 11."
    },
    {
      "timestamp": 1639628068,
      "data": [
        {
          "reaction": {
            "reaction": "LIKE",
            "actor": "Prateek Rastogi"
          }
        }
      ],
      "title": "Prateek Rastogi likes T-Series's video: Pagalon Sa Naach Full Video Song | JUNOONIYAT | Pulkit Samrat, Yami Gautam | T-SERIES."
    },
    {
      "timestamp": 1639628107,
      "data": [
        {
          "reaction": {
            "reaction": "LIKE",
            "actor": "Prateek Rastogi"
          }
        }
      ],
      "title": "Prateek Rastogi likes YRF - Yash Raj Films's video: Dhunki | Full Song | Mere Brother Ki Dulhan | Katrina Kaif | Neha Bhasin."
    },
    {
      "timestamp": 1639628131,
      "data": [
        {
          "reaction": {
            "reaction": "LIKE",
            "actor": "Prateek Rastogi"
          }
        }
      ],
      "title": "Prateek Rastogi likes T-Series's video: High Rated Gabru (From \"Nawabzaade\") - Varun Dhawan | Shraddha Kapoor | Guru Randhawa."
    },
    {
      "timestamp": 1639628138,
      "data": [
        {
          "reaction": {
            "reaction": "LIKE",
            "actor": "Prateek Rastogi"
          }
        }
      ],
      "title": "Prateek Rastogi likes T-Series's video: Photo (From \"Luka Chuppi\") - Kartik Aaryan, Kriti Sanon."
    },
    {
      "timestamp": 1639628182,
      "data": [
        {
          "reaction": {
            "reaction": "LIKE",
            "actor": "Prateek Rastogi"
          }
        }
      ],
      "title": "Prateek Rastogi likes T-Series's video: Chori Chori (From \"Lucky: No Time For Love\") - Adnan Sami."
    },
    {
      "timestamp": 1639628194,
      "data": [
        {
          "reaction": {
            "reaction": "LIKE",
            "actor": "Prateek Rastogi"
          }
        }
      ],
      "title": "Prateek Rastogi likes T-Series's video: Piya Piya O Piya (From \"Har Dil Jo Pyar Karega\") - Anu Malik."
    },
    {
      "timestamp": 1639628207,
      "data": [
        {
          "reaction": {
            "reaction": "LIKE",
            "actor": "Prateek Rastogi"
          }
        }
      ],
      "title": "Prateek Rastogi likes T-Series's video: Suit Suit (From \"Hindi Medium\") - Lyrical Video | Irrfan Khan & Saba Qamar | Guru Randhawa | Arjun."
    },
    {
      "timestamp": 1639628216,
      "data": [
        {
          "reaction": {
            "reaction": "LIKE",
            "actor": "Prateek Rastogi"
          }
        }
      ],
      "title": "Prateek Rastogi likes T-Series's video: Chittiyaan Kalaiyaan (From \"Roy\") - Jacqueline Fernandez, Meet Bros Anjjan feat. Kanika Kapoor."
    },
    {
      "timestamp": 1639628830,
      "data": [
        {
          "reaction": {
            "reaction": "LIKE",
            "actor": "Prateek Rastogi"
          }
        }
      ],
      "title": "Prateek Rastogi likes Riya jat's video."
    },
    {
      "timestamp": 1639628914,
      "data": [
        {
          "reaction": {
            "reaction": "LIKE",
            "actor": "Prateek Rastogi"
          }
        }
      ],
      "title": "Prateek Rastogi likes Chandan Dubey's post in The Dholakpur."
    },
    {
      "timestamp": 1639629114,
      "data": [
        {
          "reaction": {
            "reaction": "LIKE",
            "actor": "Prateek Rastogi"
          }
        }
      ],
      "title": "Prateek Rastogi likes Shadow's post in Realm of Cultural Classicists (RCC)."
    },
    {
      "timestamp": 1639629189,
      "data": [
        {
          "reaction": {
            "reaction": "LIKE",
            "actor": "Prateek Rastogi"
          }
        }
      ],
      "title": "Prateek Rastogi likes Wajahat Writes's video."
    },
    {
      "timestamp": 1639629297,
      "data": [
        {
          "reaction": {
            "reaction": "LIKE",
            "actor": "Prateek Rastogi"
          }
        }
      ],
      "title": "Prateek Rastogi likes YanYan Velasco's post in BIAMI OFFICIAL GROUP."
    },
    {
      "timestamp": 1639629354,
      "data": [
        {
          "reaction": {
            "reaction": "LIKE",
            "actor": "Prateek Rastogi"
          }
        }
      ],
      "title": "Prateek Rastogi likes Beuty khan's video: Viral Heel Beauty Khan Video || Beauty Khan || Arbaz Malik."
    },
    {
      "timestamp": 1639629369,
      "data": [
        {
          "reaction": {
            "reaction": "LIKE",
            "actor": "Prateek Rastogi"
          }
        }
      ],
      "title": "Prateek Rastogi likes UrduPoint Videos's video: Dulhay Ki Goli Ne Masoom Barati Bache Ki Jaan Le Li - Hawai Firing Karne Ka Ibratnak Anjam."
    },
    {
      "timestamp": 1639629396,
      "data": [
        {
          "reaction": {
            "reaction": "LIKE",
            "actor": "Prateek Rastogi"
          }
        }
      ],
      "title": "Prateek Rastogi likes D \u00e1\u00b4\u0087 \u00e1\u00b4\u0087 \u00e1\u00b4\u0098  N \u00e1\u00b4\u008f \u00c9\u00aa s \u00e1\u00b4\u0087's video."
    },
    {
      "timestamp": 1639629438,
      "data": [
        {
          "reaction": {
            "reaction": "LIKE",
            "actor": "Prateek Rastogi"
          }
        }
      ],
      "title": "Prateek Rastogi likes \u00f0\u009d\u0099\u0083\u00f0\u009d\u0099\u009a\u00f0\u009d\u0099\u0096\u00f0\u009d\u0099\u00a7\u00f0\u009d\u0099\u00a9\u00f0\u009d\u0099\u00a1\u00f0\u009d\u0099\u009a\u00f0\u009d\u0099\u00a8\u00f0\u009d\u0099\u00a8 \u00f0\u009d\u0099\u0087\u00f0\u009d\u0099\u00a4\u00f0\u009d\u0099\u00ab\u00f0\u009d\u0099\u009a\u00f0\u009d\u0099\u00a7's video."
    },
    {
      "timestamp": 1639629446,
      "data": [
        {
          "reaction": {
            "reaction": "LIKE",
            "actor": "Prateek Rastogi"
          }
        }
      ],
      "title": "Prateek Rastogi likes Dark Memories's video."
    },
    {
      "timestamp": 1639629472,
      "data": [
        {
          "reaction": {
            "reaction": "LIKE",
            "actor": "Prateek Rastogi"
          }
        }
      ],
      "title": "Prateek Rastogi likes Nasty blaq's video."
    },
    {
      "timestamp": 1639629483,
      "data": [
        {
          "reaction": {
            "reaction": "LIKE",
            "actor": "Prateek Rastogi"
          }
        }
      ],
      "title": "Prateek Rastogi likes Michael Pio's video."
    },
    {
      "timestamp": 1639629603,
      "data": [
        {
          "reaction": {
            "reaction": "LIKE",
            "actor": "Prateek Rastogi"
          }
        }
      ],
      "title": "Prateek Rastogi likes Chandigarh University's video."
    },
    {
      "timestamp": 1639629709,
      "data": [
        {
          "reaction": {
            "reaction": "LIKE",
            "actor": "Prateek Rastogi"
          }
        }
      ],
      "title": "Prateek Rastogi likes MBC BOLLYWOOD's video: \u00e2\u0080\u008e\u00d9\u0081\u00d8\u00a7\u00d9\u0086\u00d8\u00b4 \u00d9\u008a\u00d9\u0086\u00d9\u0081\u00d8\u00ac\u00d8\u00b1 \u00d9\u0085\u00d9\u0086 \u00d8\u00a7\u00d9\u0084\u00d8\u00ba\u00d8\u00b6\u00d8\u00a8 \u00d8\u00a8\u00d8\u00b3\u00d8\u00a8\u00d8\u00a8 \u00d8\u00ba\u00d9\u008a\u00d8\u00b1\u00d8\u00aa\u00d9\u0087 \u00d8\u00b9\u00d9\u0084\u00d9\u0089 \u00d8\u00b1\u00d9\u008a\u00d8\u00af\u00d9\u008a\u00d9\u0085\u00d8\u00a7\u00e2\u0080\u008e."
    },
    {
      "timestamp": 1639629795,
      "data": [
        {
          "reaction": {
            "reaction": "LIKE",
            "actor": "Prateek Rastogi"
          }
        }
      ],
      "title": "Prateek Rastogi likes Rah-e-Hayat's video: \u00e2\u0080\u008e\u00d8\u00a7\u00db\u008c\u00da\u00a9 \u00d8\u00a8\u00d8\u00b2\u00d8\u00b1\u00da\u00af \u00d8\u00a7\u00d9\u0088\u00d8\u00b1 \u00d8\u00b9\u00d8\u00b4\u00d9\u0082 \u00da\u00a9\u00db\u008c \u00d8\u00af\u00d8\u00a7\u00d8\u00b3\u00d8\u00aa\u00d8\u00a7\u00d9\u0086 \u00d8\u00a7\u00d9\u0086 \u00d8\u00a7\u00d9\u0086\u00d8\u00b3\u00d8\u00a7\u00d9\u0086 \u00d8\u00a7\u00d9\u00be\u00d9\u0086\u00d8\u00a7 \u00d9\u0085\u00d8\u00b9\u00d8\u00a7\u00d9\u0085\u00d9\u0084\u00db\u0081 \u00d8\u00a7\u00d9\u0084\u00d9\u0084\u00db\u0081 \u00da\u00a9\u00db\u0092 \u00d8\u00b3\u00d9\u00be\u00d8\u00b1\u00d8\u00af \u00da\u00a9\u00d8\u00b1\u00d8\u00af\u00db\u008c\u00d8\u00aa\u00d8\u00a7 \u00db\u0081\u00db\u0092 \u00d8\u00a7\u00d9\u0084\u00d9\u0084\u00db\u0081 \u00da\u00a9\u00db\u008c \u00d8\u00b9\u00d8\u00af\u00d8\u00a7\u00d9\u0084\u00d8\u00aa !\u00e2\u0080\u008e"
    },
    {
      "timestamp": 1639629906,
      "data": [
        {
          "reaction": {
            "reaction": "LIKE",
            "actor": "Prateek Rastogi"
          }
        }
      ],
      "title": "Prateek Rastogi likes S H Shifat's post in FIGHT\u00e2\u009d\u00b7KILL\u00e2\u0082\u0081\u00e2\u0082\u0098."
    },
    {
      "timestamp": 1639629933,
      "data": [
        {
          "reaction": {
            "reaction": "LIKE",
            "actor": "Prateek Rastogi"
          }
        }
      ],
      "title": "Prateek Rastogi likes Sanuka Jayarathna's post in Streamers \u00e0\u00b6\u00bd\u00e0\u00b6\u009c\u00e0\u00b7\u0099 meme \u00e0\u00b7\u0084\u00e0\u00b7\u008f \u00e0\u00b6\u009c\u00e0\u00b7\u009a\u00e0\u00b6\u00b8\u00e0\u00b7\u0092\u00e0\u00b6\u00b1\u00e0\u00b7\u008a meme \u00e0\u00b7\u0084\u00e0\u00b7\u0090\u00e0\u00b6\u00af\u00e0\u00b7\u0092\u00e0\u00b6\u00b8\u00e0\u00b7\u009a \u00e0\u00b6\u00b6\u00e0\u00b6\u00bd\u00e0\u00b6\u009a\u00e0\u00b7\u008f\u00e0\u00b6\u00ba."
    },
    {
      "timestamp": 1639632892,
      "data": [
        {
          "reaction": {
            "reaction": "LIKE",
            "actor": "Prateek Rastogi"
          }
        }
      ],
      "title": "Prateek Rastogi likes Action News Guyana's video."
    },
    {
      "timestamp": 1641040633,
      "data": [
        {
          "reaction": {
            "reaction": "LIKE",
            "actor": "Prateek Rastogi"
          }
        }
      ],
      "title": "Prateek Rastogi likes T-Series's video: Zindagi Ae Zindagi | Maatr | Fuzon | Lyrical."
    },
    {
      "timestamp": 1641979375,
      "data": [
        {
          "reaction": {
            "reaction": "LIKE",
            "actor": "Prateek Rastogi"
          }
        }
      ],
      "title": "Prateek Rastogi liked this."
    },
    {
      "timestamp": 1641979408,
      "data": [
        {
          "reaction": {
            "reaction": "LIKE",
            "actor": "Prateek Rastogi"
          }
        }
      ],
      "title": "Prateek Rastogi likes Piyanka Mongia Piyanka Mongia's video."
    },
    {
      "timestamp": 1641979441,
      "data": [
        {
          "reaction": {
            "reaction": "LIKE",
            "actor": "Prateek Rastogi"
          }
        }
      ],
      "title": "Prateek Rastogi liked a post."
    },
    {
      "timestamp": 1641979445,
      "data": [
        {
          "reaction": {
            "reaction": "LIKE",
            "actor": "Prateek Rastogi"
          }
        }
      ],
      "title": "Prateek Rastogi likes Muskan Mondal's video."
    },
    {
      "timestamp": 1641979454,
      "data": [
        {
          "reaction": {
            "reaction": "LIKE",
            "actor": "Prateek Rastogi"
          }
        }
      ],
      "title": "Prateek Rastogi likes Riya Ghosh's video."
    },
    {
      "timestamp": 1641979475,
      "data": [
        {
          "reaction": {
            "reaction": "LIKE",
            "actor": "Prateek Rastogi"
          }
        }
      ],
      "title": "Prateek Rastogi likes Azad Hussain Laskar's video."
    },
    {
      "timestamp": 1641979485,
      "data": [
        {
          "reaction": {
            "reaction": "LIKE",
            "actor": "Prateek Rastogi"
          }
        }
      ],
      "title": "Prateek Rastogi liked this."
    },
    {
      "timestamp": 1641979506,
      "data": [
        {
          "reaction": {
            "reaction": "LIKE",
            "actor": "Prateek Rastogi"
          }
        }
      ],
      "title": "Prateek Rastogi liked a post."
    },
    {
      "timestamp": 1641979513,
      "data": [
        {
          "reaction": {
            "reaction": "LIKE",
            "actor": "Prateek Rastogi"
          }
        }
      ],
      "title": "Prateek Rastogi likes Cuty Gril's video."
    },
    {
      "timestamp": 1641979529,
      "data": [
        {
          "reaction": {
            "reaction": "LIKE",
            "actor": "Prateek Rastogi"
          }
        }
      ],
      "title": "Prateek Rastogi likes Piyanka Mongia Piyanka Mongia's video."
    },
    {
      "timestamp": 1641979533,
      "data": [
        {
          "reaction": {
            "reaction": "LIKE",
            "actor": "Prateek Rastogi"
          }
        }
      ],
      "title": "Prateek Rastogi likes Md Sahajan Badsha's video."
    },
    {
      "timestamp": 1641979556,
      "data": [
        {
          "reaction": {
            "reaction": "LIKE",
            "actor": "Prateek Rastogi"
          }
        }
      ],
      "title": "Prateek Rastogi liked Azad Sekh's post."
    },
    {
      "timestamp": 1641979568,
      "data": [
        {
          "reaction": {
            "reaction": "LIKE",
            "actor": "Prateek Rastogi"
          }
        }
      ],
      "title": "Prateek Rastogi likes Manisha Kumari's video."
    },
    {
      "timestamp": 1641979572,
      "data": [
        {
          "reaction": {
            "reaction": "LIKE",
            "actor": "Prateek Rastogi"
          }
        }
      ],
      "title": "Prateek Rastogi likes Jayshri Makwana's video."
    },
    {
      "timestamp": 1641979583,
      "data": [
        {
          "reaction": {
            "reaction": "LIKE",
            "actor": "Prateek Rastogi"
          }
        }
      ],
      "title": "Prateek Rastogi likes Santan Kumar's video."
    },
    {
      "timestamp": 1641979595,
      "data": [
        {
          "reaction": {
            "reaction": "LIKE",
            "actor": "Prateek Rastogi"
          }
        }
      ],
      "title": "Prateek Rastogi liked a post."
    },
    {
      "timestamp": 1641979617,
      "data": [
        {
          "reaction": {
            "reaction": "LIKE",
            "actor": "Prateek Rastogi"
          }
        }
      ],
      "title": "Prateek Rastogi likes Rafik Malkani's video."
    },
    {
      "timestamp": 1641979630,
      "data": [
        {
          "reaction": {
            "reaction": "LIKE",
            "actor": "Prateek Rastogi"
          }
        }
      ],
      "title": "Prateek Rastogi likes Saba Khan's video."
    },
    {
      "timestamp": 1641979652,
      "data": [
        {
          "reaction": {
            "reaction": "LIKE",
            "actor": "Prateek Rastogi"
          }
        }
      ],
      "title": "Prateek Rastogi likes Racer Avi's video."
    },
    {
      "timestamp": 1641979656,
      "data": [
        {
          "reaction": {
            "reaction": "LIKE",
            "actor": "Prateek Rastogi"
          }
        }
      ],
      "title": "Prateek Rastogi likes Odia Toka Muna's video."
    },
    {
      "timestamp": 1641979672,
      "data": [
        {
          "reaction": {
            "reaction": "LIKE",
            "actor": "Prateek Rastogi"
          }
        }
      ],
      "title": "Prateek Rastogi likes Lovepreet Sandhu's video."
    },
    {
      "timestamp": 1641979688,
      "data": [
        {
          "reaction": {
            "reaction": "LIKE",
            "actor": "Prateek Rastogi"
          }
        }
      ],
      "title": "Prateek Rastogi likes Parul Arora's video."
    },
    {
      "timestamp": 1641979706,
      "data": [
        {
          "reaction": {
            "reaction": "LIKE",
            "actor": "Prateek Rastogi"
          }
        }
      ],
      "title": "Prateek Rastogi likes Mi Sti's video."
    },
    {
      "timestamp": 1641979715,
      "data": [
        {
          "reaction": {
            "reaction": "LIKE",
            "actor": "Prateek Rastogi"
          }
        }
      ],
      "title": "Prateek Rastogi liked a post."
    },
    {
      "timestamp": 1641979727,
      "data": [
        {
          "reaction": {
            "reaction": "LIKE",
            "actor": "Prateek Rastogi"
          }
        }
      ],
      "title": "Prateek Rastogi likes Piyanka Mongia Piyanka Mongia's video."
    },
    {
      "timestamp": 1641979735,
      "data": [
        {
          "reaction": {
            "reaction": "LIKE",
            "actor": "Prateek Rastogi"
          }
        }
      ],
      "title": "Prateek Rastogi likes M\u00c3\u00a1 S\u00c3\u00b9m's video."
    },
    {
      "timestamp": 1641979762,
      "data": [
        {
          "reaction": {
            "reaction": "LIKE",
            "actor": "Prateek Rastogi"
          }
        }
      ],
      "title": "Prateek Rastogi likes Sufiya Sekh's video."
    },
    {
      "timestamp": 1641979776,
      "data": [
        {
          "reaction": {
            "reaction": "LIKE",
            "actor": "Prateek Rastogi"
          }
        }
      ],
      "title": "Prateek Rastogi likes Ssunny Ssunny's video."
    },
    {
      "timestamp": 1641979806,
      "data": [
        {
          "reaction": {
            "reaction": "LIKE",
            "actor": "Prateek Rastogi"
          }
        }
      ],
      "title": "Prateek Rastogi likes Heri Lalani's video."
    },
    {
      "timestamp": 1641979818,
      "data": [
        {
          "reaction": {
            "reaction": "LIKE",
            "actor": "Prateek Rastogi"
          }
        }
      ],
      "title": "Prateek Rastogi likes Muskan Mondal's video."
    },
    {
      "timestamp": 1641979834,
      "data": [
        {
          "reaction": {
            "reaction": "LIKE",
            "actor": "Prateek Rastogi"
          }
        }
      ],
      "title": "Prateek Rastogi likes S\u00e3\u0080\u0080O\u00e3\u0080\u0080U\u00e3\u0080\u0080R\u00e3\u0080\u0080A\u00e3\u0080\u0080 V\u00e3\u0080\u0080\u00e3\u0083\u0084's video."
    },
    {
      "timestamp": 1641979843,
      "data": [
        {
          "reaction": {
            "reaction": "LIKE",
            "actor": "Prateek Rastogi"
          }
        }
      ],
      "title": "Prateek Rastogi liked a post."
    },
    {
      "timestamp": 1641979855,
      "data": [
        {
          "reaction": {
            "reaction": "LIKE",
            "actor": "Prateek Rastogi"
          }
        }
      ],
      "title": "Prateek Rastogi likes Shreya Shrestra Pradhan's video."
    },
    {
      "timestamp": 1641979878,
      "data": [
        {
          "reaction": {
            "reaction": "LIKE",
            "actor": "Prateek Rastogi"
          }
        }
      ],
      "title": "Prateek Rastogi likes Sakil Ahmed's video."
    },
    {
      "timestamp": 1641979890,
      "data": [
        {
          "reaction": {
            "reaction": "LIKE",
            "actor": "Prateek Rastogi"
          }
        }
      ],
      "title": "Prateek Rastogi likes Joyti Kumari's video."
    },
    {
      "timestamp": 1641979894,
      "data": [
        {
          "reaction": {
            "reaction": "LIKE",
            "actor": "Prateek Rastogi"
          }
        }
      ],
      "title": "Prateek Rastogi likes Parul Arora's video."
    },
    {
      "timestamp": 1641979908,
      "data": [
        {
          "reaction": {
            "reaction": "LIKE",
            "actor": "Prateek Rastogi"
          }
        }
      ],
      "title": "Prateek Rastogi likes Mi Sti's video."
    },
    {
      "timestamp": 1641979928,
      "data": [
        {
          "reaction": {
            "reaction": "LIKE",
            "actor": "Prateek Rastogi"
          }
        }
      ],
      "title": "Prateek Rastogi likes Cuty Gril's video."
    },
    {
      "timestamp": 1641979936,
      "data": [
        {
          "reaction": {
            "reaction": "LIKE",
            "actor": "Prateek Rastogi"
          }
        }
      ],
      "title": "Prateek Rastogi likes Piyanka Mongia Piyanka Mongia's video."
    },
    {
      "timestamp": 1641979949,
      "data": [
        {
          "reaction": {
            "reaction": "LIKE",
            "actor": "Prateek Rastogi"
          }
        }
      ],
      "title": "Prateek Rastogi likes Ssunny Ssunny's video."
    },
    {
      "timestamp": 1641979972,
      "data": [
        {
          "reaction": {
            "reaction": "LIKE",
            "actor": "Prateek Rastogi"
          }
        }
      ],
      "title": "Prateek Rastogi likes Shini Simon's video."
    },
    {
      "timestamp": 1641979988,
      "data": [
        {
          "reaction": {
            "reaction": "LIKE",
            "actor": "Prateek Rastogi"
          }
        }
      ],
      "title": "Prateek Rastogi likes \u00e0\u00a4\u00af\u00e0\u00a4\u00be\u00e0\u00a4\u00a6\u00e0\u00a4\u00b5 \u00e0\u00a4\u00b8\u00e0\u00a4\u00b0\u00e0\u00a4\u0095\u00e0\u00a4\u00be\u00e0\u00a4\u00b0's video."
    },
    {
      "timestamp": 1641979997,
      "data": [
        {
          "reaction": {
            "reaction": "LIKE",
            "actor": "Prateek Rastogi"
          }
        }
      ],
      "title": "Prateek Rastogi liked a post."
    },
    {
      "timestamp": 1641980016,
      "data": [
        {
          "reaction": {
            "reaction": "LIKE",
            "actor": "Prateek Rastogi"
          }
        }
      ],
      "title": "Prateek Rastogi likes Rock Dvl's video."
    },
    {
      "timestamp": 1641980026,
      "data": [
        {
          "reaction": {
            "reaction": "LIKE",
            "actor": "Prateek Rastogi"
          }
        }
      ],
      "title": "Prateek Rastogi likes Monisha Basak Bhattacharyya's video."
    },
    {
      "timestamp": 1641980041,
      "data": [
        {
          "reaction": {
            "reaction": "LIKE",
            "actor": "Prateek Rastogi"
          }
        }
      ],
      "title": "Prateek Rastogi likes Arati Thapa Manger's video."
    },
    {
      "timestamp": 1641980055,
      "data": [
        {
          "reaction": {
            "reaction": "LIKE",
            "actor": "Prateek Rastogi"
          }
        }
      ],
      "title": "Prateek Rastogi likes Madhu Sen's video."
    },
    {
      "timestamp": 1641980058,
      "data": [
        {
          "reaction": {
            "reaction": "LIKE",
            "actor": "Prateek Rastogi"
          }
        }
      ],
      "title": "Prateek Rastogi likes Upasana Pradhan's video."
    },
    {
      "timestamp": 1641980065,
      "data": [
        {
          "reaction": {
            "reaction": "LIKE",
            "actor": "Prateek Rastogi"
          }
        }
      ],
      "title": "Prateek Rastogi likes Parul Arora's video."
    },
    {
      "timestamp": 1641980079,
      "data": [
        {
          "reaction": {
            "reaction": "LIKE",
            "actor": "Prateek Rastogi"
          }
        }
      ],
      "title": "Prateek Rastogi likes Mosim Qureshi's video."
    },
    {
      "timestamp": 1641980089,
      "data": [
        {
          "reaction": {
            "reaction": "LIKE",
            "actor": "Prateek Rastogi"
          }
        }
      ],
      "title": "Prateek Rastogi liked a post."
    },
    {
      "timestamp": 1641980103,
      "data": [
        {
          "reaction": {
            "reaction": "LIKE",
            "actor": "Prateek Rastogi"
          }
        }
      ],
      "title": "Prateek Rastogi likes Piyanka Mongia Piyanka Mongia's video."
    },
    {
      "timestamp": 1641980107,
      "data": [
        {
          "reaction": {
            "reaction": "LIKE",
            "actor": "Prateek Rastogi"
          }
        }
      ],
      "title": "Prateek Rastogi likes Gaurav Rajput's video."
    },
    {
      "timestamp": 1641980119,
      "data": [
        {
          "reaction": {
            "reaction": "LIKE",
            "actor": "Prateek Rastogi"
          }
        }
      ],
      "title": "Prateek Rastogi likes Ssunny Ssunny's video."
    },
    {
      "timestamp": 1641980125,
      "data": [
        {
          "reaction": {
            "reaction": "LIKE",
            "actor": "Prateek Rastogi"
          }
        }
      ],
      "title": "Prateek Rastogi likes Malik Tahleel's video."
    },
    {
      "timestamp": 1641980144,
      "data": [
        {
          "reaction": {
            "reaction": "LIKE",
            "actor": "Prateek Rastogi"
          }
        }
      ],
      "title": "Prateek Rastogi likes Cuty Gril's video."
    },
    {
      "timestamp": 1641980161,
      "data": [
        {
          "reaction": {
            "reaction": "LIKE",
            "actor": "Prateek Rastogi"
          }
        }
      ],
      "title": "Prateek Rastogi likes Ikram Shahh's video."
    },
    {
      "timestamp": 1641980207,
      "data": [
        {
          "reaction": {
            "reaction": "LIKE",
            "actor": "Prateek Rastogi"
          }
        }
      ],
      "title": "Prateek Rastogi likes Priyanka Kar's video."
    },
    {
      "timestamp": 1641980215,
      "data": [
        {
          "reaction": {
            "reaction": "LIKE",
            "actor": "Prateek Rastogi"
          }
        }
      ],
      "title": "Prateek Rastogi likes Jagriti Goswami Ghatak's video."
    },
    {
      "timestamp": 1641980223,
      "data": [
        {
          "reaction": {
            "reaction": "LIKE",
            "actor": "Prateek Rastogi"
          }
        }
      ],
      "title": "Prateek Rastogi likes R\u00c4\u0081\u00c3\u00a0 Sh\u00c3\u00ad's video."
    },
    {
      "timestamp": 1641980237,
      "data": [
        {
          "reaction": {
            "reaction": "LIKE",
            "actor": "Prateek Rastogi"
          }
        }
      ],
      "title": "Prateek Rastogi likes Vasim Shaikh's video."
    },
    {
      "timestamp": 1641980247,
      "data": [
        {
          "reaction": {
            "reaction": "LIKE",
            "actor": "Prateek Rastogi"
          }
        }
      ],
      "title": "Prateek Rastogi likes Shreya Shrestra Pradhan's video."
    },
    {
      "timestamp": 1641980260,
      "data": [
        {
          "reaction": {
            "reaction": "LIKE",
            "actor": "Prateek Rastogi"
          }
        }
      ],
      "title": "Prateek Rastogi likes Deepak Chaudhary's video."
    },
    {
      "timestamp": 1641980269,
      "data": [
        {
          "reaction": {
            "reaction": "LIKE",
            "actor": "Prateek Rastogi"
          }
        }
      ],
      "title": "Prateek Rastogi likes Upasana Pradhan's video."
    },
    {
      "timestamp": 1641980272,
      "data": [
        {
          "reaction": {
            "reaction": "LIKE",
            "actor": "Prateek Rastogi"
          }
        }
      ],
      "title": "Prateek Rastogi likes Mi Sti's video."
    },
    {
      "timestamp": 1641980306,
      "data": [
        {
          "reaction": {
            "reaction": "LIKE",
            "actor": "Prateek Rastogi"
          }
        }
      ],
      "title": "Prateek Rastogi likes Piyanka Mongia Piyanka Mongia's video."
    },
    {
      "timestamp": 1641980312,
      "data": [
        {
          "reaction": {
            "reaction": "LIKE",
            "actor": "Prateek Rastogi"
          }
        }
      ],
      "title": "Prateek Rastogi liked a post."
    },
    {
      "timestamp": 1641980328,
      "data": [
        {
          "reaction": {
            "reaction": "LIKE",
            "actor": "Prateek Rastogi"
          }
        }
      ],
      "title": "Prateek Rastogi likes Ssunny Ssunny's video."
    },
    {
      "timestamp": 1641980355,
      "data": [
        {
          "reaction": {
            "reaction": "LIKE",
            "actor": "Prateek Rastogi"
          }
        }
      ],
      "title": "Prateek Rastogi likes Cuty Gril's video."
    },
    {
      "timestamp": 1641980367,
      "data": [
        {
          "reaction": {
            "reaction": "LIKE",
            "actor": "Prateek Rastogi"
          }
        }
      ],
      "title": "Prateek Rastogi likes Manisha Saha's video."
    },
    {
      "timestamp": 1641980387,
      "data": [
        {
          "reaction": {
            "reaction": "LIKE",
            "actor": "Prateek Rastogi"
          }
        }
      ],
      "title": "Prateek Rastogi likes Arati Thapa Manger's video."
    },
    {
      "timestamp": 1641980395,
      "data": [
        {
          "reaction": {
            "reaction": "LIKE",
            "actor": "Prateek Rastogi"
          }
        }
      ],
      "title": "Prateek Rastogi likes Mosim Qureshi's video."
    },
    {
      "timestamp": 1641980411,
      "data": [
        {
          "reaction": {
            "reaction": "LIKE",
            "actor": "Prateek Rastogi"
          }
        }
      ],
      "title": "Prateek Rastogi likes Renuka Thapa's video."
    },
    {
      "timestamp": 1641980428,
      "data": [
        {
          "reaction": {
            "reaction": "LIKE",
            "actor": "Prateek Rastogi"
          }
        }
      ],
      "title": "Prateek Rastogi likes Tahirul Mallick's video."
    },
    {
      "timestamp": 1641980455,
      "data": [
        {
          "reaction": {
            "reaction": "LIKE",
            "actor": "Prateek Rastogi"
          }
        }
      ],
      "title": "Prateek Rastogi likes Ikram Shahh's video."
    },
    {
      "timestamp": 1641980462,
      "data": [
        {
          "reaction": {
            "reaction": "LIKE",
            "actor": "Prateek Rastogi"
          }
        }
      ],
      "title": "Prateek Rastogi likes \u00c3\u008ets M\u00c3\u00a8 Tarak's video."
    },
    {
      "timestamp": 1641980476,
      "data": [
        {
          "reaction": {
            "reaction": "LIKE",
            "actor": "Prateek Rastogi"
          }
        }
      ],
      "title": "Prateek Rastogi likes Mi Sti's video."
    },
    {
      "timestamp": 1641980511,
      "data": [
        {
          "reaction": {
            "reaction": "LIKE",
            "actor": "Prateek Rastogi"
          }
        }
      ],
      "title": "Prateek Rastogi likes Upasana Pradhan's video."
    },
    {
      "timestamp": 1641980527,
      "data": [
        {
          "reaction": {
            "reaction": "LIKE",
            "actor": "Prateek Rastogi"
          }
        }
      ],
      "title": "Prateek Rastogi likes Piyanka Mongia Piyanka Mongia's video."
    },
    {
      "timestamp": 1641980538,
      "data": [
        {
          "reaction": {
            "reaction": "LIKE",
            "actor": "Prateek Rastogi"
          }
        }
      ],
      "title": "Prateek Rastogi likes Pinky Singh's video."
    },
    {
      "timestamp": 1641980576,
      "data": [
        {
          "reaction": {
            "reaction": "LIKE",
            "actor": "Prateek Rastogi"
          }
        }
      ],
      "title": "Prateek Rastogi likes Parul Arora's video."
    },
    {
      "timestamp": 1641980624,
      "data": [
        {
          "reaction": {
            "reaction": "LIKE",
            "actor": "Prateek Rastogi"
          }
        }
      ],
      "title": "Prateek Rastogi likes Mi Sti's video."
    },
    {
      "timestamp": 1641980643,
      "data": [
        {
          "reaction": {
            "reaction": "LIKE",
            "actor": "Prateek Rastogi"
          }
        }
      ],
      "title": "Prateek Rastogi likes Sikendar Barman's video."
    },
    {
      "timestamp": 1641980667,
      "data": [
        {
          "reaction": {
            "reaction": "LIKE",
            "actor": "Prateek Rastogi"
          }
        }
      ],
      "title": "Prateek Rastogi likes Piyanka Mongia Piyanka Mongia's video."
    },
    {
      "timestamp": 1641980694,
      "data": [
        {
          "reaction": {
            "reaction": "LIKE",
            "actor": "Prateek Rastogi"
          }
        }
      ],
      "title": "Prateek Rastogi likes Cuty Gril's video."
    },
    {
      "timestamp": 1641980712,
      "data": [
        {
          "reaction": {
            "reaction": "LIKE",
            "actor": "Prateek Rastogi"
          }
        }
      ],
      "title": "Prateek Rastogi likes Shreya Shrestra Pradhan's video."
    },
    {
      "timestamp": 1641980726,
      "data": [
        {
          "reaction": {
            "reaction": "LIKE",
            "actor": "Prateek Rastogi"
          }
        }
      ],
      "title": "Prateek Rastogi likes Parul Arora's video."
    },
    {
      "timestamp": 1641980742,
      "data": [
        {
          "reaction": {
            "reaction": "LIKE",
            "actor": "Prateek Rastogi"
          }
        }
      ],
      "title": "Prateek Rastogi likes R\u00c4\u0081\u00c3\u00a0 Sh\u00c3\u00ad's video."
    },
    {
      "timestamp": 1641980767,
      "data": [
        {
          "reaction": {
            "reaction": "LIKE",
            "actor": "Prateek Rastogi"
          }
        }
      ],
      "title": "Prateek Rastogi likes Joyti Kumari's video."
    },
    {
      "timestamp": 1641980789,
      "data": [
        {
          "reaction": {
            "reaction": "LIKE",
            "actor": "Prateek Rastogi"
          }
        }
      ],
      "title": "Prateek Rastogi likes Angel Phamei's video."
    },
    {
      "timestamp": 1641980807,
      "data": [
        {
          "reaction": {
            "reaction": "LIKE",
            "actor": "Prateek Rastogi"
          }
        }
      ],
      "title": "Prateek Rastogi likes Sikendar Barman's video."
    },
    {
      "timestamp": 1641980826,
      "data": [
        {
          "reaction": {
            "reaction": "LIKE",
            "actor": "Prateek Rastogi"
          }
        }
      ],
      "title": "Prateek Rastogi likes Piyanka Mongia Piyanka Mongia's video."
    },
    {
      "timestamp": 1641980835,
      "data": [
        {
          "reaction": {
            "reaction": "LIKE",
            "actor": "Prateek Rastogi"
          }
        }
      ],
      "title": "Prateek Rastogi likes Neha Nani's video."
    },
    {
      "timestamp": 1641980850,
      "data": [
        {
          "reaction": {
            "reaction": "LIKE",
            "actor": "Prateek Rastogi"
          }
        }
      ],
      "title": "Prateek Rastogi likes Pinky Singh's video."
    },
    {
      "timestamp": 1641980875,
      "data": [
        {
          "reaction": {
            "reaction": "LIKE",
            "actor": "Prateek Rastogi"
          }
        }
      ],
      "title": "Prateek Rastogi likes Nang Olee Konwar's video."
    },
    {
      "timestamp": 1641980889,
      "data": [
        {
          "reaction": {
            "reaction": "LIKE",
            "actor": "Prateek Rastogi"
          }
        }
      ],
      "title": "Prateek Rastogi likes Parul Arora's video."
    },
    {
      "timestamp": 1641980916,
      "data": [
        {
          "reaction": {
            "reaction": "LIKE",
            "actor": "Prateek Rastogi"
          }
        }
      ],
      "title": "Prateek Rastogi likes R\u00c4\u0081\u00c3\u00a0 Sh\u00c3\u00ad's video."
    },
    {
      "timestamp": 1641980933,
      "data": [
        {
          "reaction": {
            "reaction": "LIKE",
            "actor": "Prateek Rastogi"
          }
        }
      ],
      "title": "Prateek Rastogi likes Mosim Qureshi's video."
    },
    {
      "timestamp": 1641980947,
      "data": [
        {
          "reaction": {
            "reaction": "LIKE",
            "actor": "Prateek Rastogi"
          }
        }
      ],
      "title": "Prateek Rastogi liked a post."
    },
    {
      "timestamp": 1641980972,
      "data": [
        {
          "reaction": {
            "reaction": "LIKE",
            "actor": "Prateek Rastogi"
          }
        }
      ],
      "title": "Prateek Rastogi likes Ramvilash Thakur's video."
    },
    {
      "timestamp": 1641980977,
      "data": [
        {
          "reaction": {
            "reaction": "LIKE",
            "actor": "Prateek Rastogi"
          }
        }
      ],
      "title": "Prateek Rastogi likes Mi Sti's video."
    },
    {
      "timestamp": 1641980987,
      "data": [
        {
          "reaction": {
            "reaction": "LIKE",
            "actor": "Prateek Rastogi"
          }
        }
      ],
      "title": "Prateek Rastogi likes Jasmeet Jatti's video."
    },
    {
      "timestamp": 1641980996,
      "data": [
        {
          "reaction": {
            "reaction": "LIKE",
            "actor": "Prateek Rastogi"
          }
        }
      ],
      "title": "Prateek Rastogi likes Angel Phamei's video."
    },
    {
      "timestamp": 1641981019,
      "data": [
        {
          "reaction": {
            "reaction": "LIKE",
            "actor": "Prateek Rastogi"
          }
        }
      ],
      "title": "Prateek Rastogi likes Sujan PradhanZz's video."
    },
    {
      "timestamp": 1641981039,
      "data": [
        {
          "reaction": {
            "reaction": "LIKE",
            "actor": "Prateek Rastogi"
          }
        }
      ],
      "title": "Prateek Rastogi liked a post."
    },
    {
      "timestamp": 1641981070,
      "data": [
        {
          "reaction": {
            "reaction": "LIKE",
            "actor": "Prateek Rastogi"
          }
        }
      ],
      "title": "Prateek Rastogi likes Ssunny Ssunny's video."
    },
    {
      "timestamp": 1641981080,
      "data": [
        {
          "reaction": {
            "reaction": "LIKE",
            "actor": "Prateek Rastogi"
          }
        }
      ],
      "title": "Prateek Rastogi likes Neha Nani's video."
    },
    {
      "timestamp": 1641981092,
      "data": [
        {
          "reaction": {
            "reaction": "LIKE",
            "actor": "Prateek Rastogi"
          }
        }
      ],
      "title": "Prateek Rastogi likes Ibahunshisha Nengnong's video."
    },
    {
      "timestamp": 1641981115,
      "data": [
        {
          "reaction": {
            "reaction": "LIKE",
            "actor": "Prateek Rastogi"
          }
        }
      ],
      "title": "Prateek Rastogi likes Arati Thapa Manger's video."
    },
    {
      "timestamp": 1641981134,
      "data": [
        {
          "reaction": {
            "reaction": "LIKE",
            "actor": "Prateek Rastogi"
          }
        }
      ],
      "title": "Prateek Rastogi likes R\u00c4\u0081\u00c3\u00a0 Sh\u00c3\u00ad's video."
    },
    {
      "timestamp": 1641981159,
      "data": [
        {
          "reaction": {
            "reaction": "LIKE",
            "actor": "Prateek Rastogi"
          }
        }
      ],
      "title": "Prateek Rastogi likes Kunal Thwre's video."
    },
    {
      "timestamp": 1641981184,
      "data": [
        {
          "reaction": {
            "reaction": "LIKE",
            "actor": "Prateek Rastogi"
          }
        }
      ],
      "title": "Prateek Rastogi likes Priyanka Kar's video."
    },
    {
      "timestamp": 1641981199,
      "data": [
        {
          "reaction": {
            "reaction": "LIKE",
            "actor": "Prateek Rastogi"
          }
        }
      ],
      "title": "Prateek Rastogi likes Parul Arora's video."
    },
    {
      "timestamp": 1641981212,
      "data": [
        {
          "reaction": {
            "reaction": "LIKE",
            "actor": "Prateek Rastogi"
          }
        }
      ],
      "title": "Prateek Rastogi likes Mi Sti's video."
    },
    {
      "timestamp": 1641981217,
      "data": [
        {
          "reaction": {
            "reaction": "LIKE",
            "actor": "Prateek Rastogi"
          }
        }
      ],
      "title": "Prateek Rastogi likes Upasana Pradhan's video."
    },
    {
      "timestamp": 1641981228,
      "data": [
        {
          "reaction": {
            "reaction": "LIKE",
            "actor": "Prateek Rastogi"
          }
        }
      ],
      "title": "Prateek Rastogi likes Angel Phamei's video."
    },
    {
      "timestamp": 1641981252,
      "data": [
        {
          "reaction": {
            "reaction": "LIKE",
            "actor": "Prateek Rastogi"
          }
        }
      ],
      "title": "Prateek Rastogi likes \u00f0\u009d\u0099\u0093\u00f0\u009d\u0099\u00aa_\u00f0\u009d\u0099\u0082\u00f0\u009d\u0099\u00aa \u00f0\u009d\u0099\u0087\u00f0\u009d\u0098\u00bc_\u00f0\u009d\u0099\u0088\u00f0\u009d\u0098\u00bc's video."
    },
    {
      "timestamp": 1641981265,
      "data": [
        {
          "reaction": {
            "reaction": "LIKE",
            "actor": "Prateek Rastogi"
          }
        }
      ],
      "title": "Prateek Rastogi likes Shreya Shrestra Pradhan's video."
    },
    {
      "timestamp": 1641981276,
      "data": [
        {
          "reaction": {
            "reaction": "LIKE",
            "actor": "Prateek Rastogi"
          }
        }
      ],
      "title": "Prateek Rastogi likes Ssunny Ssunny's video."
    },
    {
      "timestamp": 1641981281,
      "data": [
        {
          "reaction": {
            "reaction": "LIKE",
            "actor": "Prateek Rastogi"
          }
        }
      ],
      "title": "Prateek Rastogi likes Priyanka Pawar Wagh's video."
    },
    {
      "timestamp": 1641981300,
      "data": [
        {
          "reaction": {
            "reaction": "LIKE",
            "actor": "Prateek Rastogi"
          }
        }
      ],
      "title": "Prateek Rastogi likes John Oga Gangmei's video."
    },
    {
      "timestamp": 1641981314,
      "data": [
        {
          "reaction": {
            "reaction": "LIKE",
            "actor": "Prateek Rastogi"
          }
        }
      ],
      "title": "Prateek Rastogi likes Sikendar Barman's video."
    },
    {
      "timestamp": 1641981327,
      "data": [
        {
          "reaction": {
            "reaction": "LIKE",
            "actor": "Prateek Rastogi"
          }
        }
      ],
      "title": "Prateek Rastogi liked a post."
    },
    {
      "timestamp": 1641981342,
      "data": [
        {
          "reaction": {
            "reaction": "LIKE",
            "actor": "Prateek Rastogi"
          }
        }
      ],
      "title": "Prateek Rastogi likes Arati Thapa Manger's video."
    },
    {
      "timestamp": 1641981369,
      "data": [
        {
          "reaction": {
            "reaction": "LIKE",
            "actor": "Prateek Rastogi"
          }
        }
      ],
      "title": "Prateek Rastogi likes Jaishank's video."
    },
    {
      "timestamp": 1641981404,
      "data": [
        {
          "reaction": {
            "reaction": "LIKE",
            "actor": "Prateek Rastogi"
          }
        }
      ],
      "title": "Prateek Rastogi likes Piyanka Mongia Piyanka Mongia's video."
    },
    {
      "timestamp": 1641981429,
      "data": [
        {
          "reaction": {
            "reaction": "LIKE",
            "actor": "Prateek Rastogi"
          }
        }
      ],
      "title": "Prateek Rastogi likes Graceful Khyriem Graceful Khyriem's video."
    },
    {
      "timestamp": 1641981448,
      "data": [
        {
          "reaction": {
            "reaction": "LIKE",
            "actor": "Prateek Rastogi"
          }
        }
      ],
      "title": "Prateek Rastogi likes Ssunny Ssunny's video."
    },
    {
      "timestamp": 1641981480,
      "data": [
        {
          "reaction": {
            "reaction": "LIKE",
            "actor": "Prateek Rastogi"
          }
        }
      ],
      "title": "Prateek Rastogi likes Samrat Shetty's video."
    },
    {
      "timestamp": 1641981497,
      "data": [
        {
          "reaction": {
            "reaction": "LIKE",
            "actor": "Prateek Rastogi"
          }
        }
      ],
      "title": "Prateek Rastogi likes Anchal Uppal's video."
    },
    {
      "timestamp": 1641981539,
      "data": [
        {
          "reaction": {
            "reaction": "LIKE",
            "actor": "Prateek Rastogi"
          }
        }
      ],
      "title": "Prateek Rastogi likes \u00c3\u0083l\u00c3\u00b4\u00c3\u00b1\u00c3\u00aa Sm\u00c3\u00b4k\u00c3\u00aar's video."
    },
    {
      "timestamp": 1641981561,
      "data": [
        {
          "reaction": {
            "reaction": "LIKE",
            "actor": "Prateek Rastogi"
          }
        }
      ],
      "title": "Prateek Rastogi likes Dharitri Rajbanshi's video."
    },
    {
      "timestamp": 1641981573,
      "data": [
        {
          "reaction": {
            "reaction": "LIKE",
            "actor": "Prateek Rastogi"
          }
        }
      ],
      "title": "Prateek Rastogi likes Pinky Singh's video."
    },
    {
      "timestamp": 1641981592,
      "data": [
        {
          "reaction": {
            "reaction": "LIKE",
            "actor": "Prateek Rastogi"
          }
        }
      ],
      "title": "Prateek Rastogi likes Arati Thapa Manger's video."
    },
    {
      "timestamp": 1642173866,
      "data": [
        {
          "reaction": {
            "reaction": "LIKE",
            "actor": "Prateek Rastogi"
          }
        }
      ],
      "title": "Prateek Rastogi likes Sushmi's video."
    },
    {
      "timestamp": 1642173873,
      "data": [
        {
          "reaction": {
            "reaction": "LIKE",
            "actor": "Prateek Rastogi"
          }
        }
      ],
      "title": "Prateek Rastogi likes Dragon Dance Company's video: Miss Siya | Book Your Shows | Dragon Dance Company\u00c2\u00ae Ludhiana | 99152 46433."
    },
    {
      "timestamp": 1642173883,
      "data": [
        {
          "reaction": {
            "reaction": "LIKE",
            "actor": "Prateek Rastogi"
          }
        }
      ],
      "title": "Prateek Rastogi likes Parul Arora's video."
    },
    {
      "timestamp": 1642173897,
      "data": [
        {
          "reaction": {
            "reaction": "LIKE",
            "actor": "Prateek Rastogi"
          }
        }
      ],
      "title": "Prateek Rastogi likes Lekha Prajapati's video."
    },
    {
      "timestamp": 1642173908,
      "data": [
        {
          "reaction": {
            "reaction": "LIKE",
            "actor": "Prateek Rastogi"
          }
        }
      ],
      "title": "Prateek Rastogi liked this."
    },
    {
      "timestamp": 1642173932,
      "data": [
        {
          "reaction": {
            "reaction": "LIKE",
            "actor": "Prateek Rastogi"
          }
        }
      ],
      "title": "Prateek Rastogi likes Parul Arora's video."
    },
    {
      "timestamp": 1642173941,
      "data": [
        {
          "reaction": {
            "reaction": "LIKE",
            "actor": "Prateek Rastogi"
          }
        }
      ],
      "title": "Prateek Rastogi likes Lekha Prajapati's video."
    },
    {
      "timestamp": 1642173999,
      "data": [
        {
          "reaction": {
            "reaction": "LIKE",
            "actor": "Prateek Rastogi"
          }
        }
      ],
      "title": "Prateek Rastogi likes Joyti Kumari's video."
    },
    {
      "timestamp": 1642174009,
      "data": [
        {
          "reaction": {
            "reaction": "LIKE",
            "actor": "Prateek Rastogi"
          }
        }
      ],
      "title": "Prateek Rastogi likes Gautam Saini's video."
    },
    {
      "timestamp": 1642174033,
      "data": [
        {
          "reaction": {
            "reaction": "LIKE",
            "actor": "Prateek Rastogi"
          }
        }
      ],
      "title": "Prateek Rastogi likes Parul Arora's video."
    },
    {
      "timestamp": 1642174090,
      "data": [
        {
          "reaction": {
            "reaction": "LIKE",
            "actor": "Prateek Rastogi"
          }
        }
      ],
      "title": "Prateek Rastogi likes Love Life's video."
    },
    {
      "timestamp": 1642174100,
      "data": [
        {
          "reaction": {
            "reaction": "LIKE",
            "actor": "Prateek Rastogi"
          }
        }
      ],
      "title": "Prateek Rastogi likes Kishor Kumar's video."
    },
    {
      "timestamp": 1642174115,
      "data": [
        {
          "reaction": {
            "reaction": "LIKE",
            "actor": "Prateek Rastogi"
          }
        }
      ],
      "title": "Prateek Rastogi likes Gautam Saini's video."
    },
    {
      "timestamp": 1642174131,
      "data": [
        {
          "reaction": {
            "reaction": "LIKE",
            "actor": "Prateek Rastogi"
          }
        }
      ],
      "title": "Prateek Rastogi likes Pankaj Saini's video."
    },
    {
      "timestamp": 1642174141,
      "data": [
        {
          "reaction": {
            "reaction": "LIKE",
            "actor": "Prateek Rastogi"
          }
        }
      ],
      "title": "Prateek Rastogi likes Piyanka Mongia Piyanka Mongia's video."
    },
    {
      "timestamp": 1642174159,
      "data": [
        {
          "reaction": {
            "reaction": "LIKE",
            "actor": "Prateek Rastogi"
          }
        }
      ],
      "title": "Prateek Rastogi likes Piyanka Mongia Piyanka Mongia's video."
    },
    {
      "timestamp": 1642174176,
      "data": [
        {
          "reaction": {
            "reaction": "LIKE",
            "actor": "Prateek Rastogi"
          }
        }
      ],
      "title": "Prateek Rastogi likes Dragon Dance Company's video: Miss Siya | Book Your Shows | Dragon Dance Company\u00c2\u00ae Ludhiana | 99152 46433."
    },
    {
      "timestamp": 1642174251,
      "data": [
        {
          "reaction": {
            "reaction": "LIKE",
            "actor": "Prateek Rastogi"
          }
        }
      ],
      "title": "Prateek Rastogi likes Parul Arora's video."
    },
    {
      "timestamp": 1642174266,
      "data": [
        {
          "reaction": {
            "reaction": "LIKE",
            "actor": "Prateek Rastogi"
          }
        }
      ],
      "title": "Prateek Rastogi likes Santosh's video."
    },
    {
      "timestamp": 1642174290,
      "data": [
        {
          "reaction": {
            "reaction": "LIKE",
            "actor": "Prateek Rastogi"
          }
        }
      ],
      "title": "Prateek Rastogi likes Romeio Aqii's video."
    },
    {
      "timestamp": 1642174297,
      "data": [
        {
          "reaction": {
            "reaction": "LIKE",
            "actor": "Prateek Rastogi"
          }
        }
      ],
      "title": "Prateek Rastogi likes Yogesh Patel's video."
    },
    {
      "timestamp": 1642174306,
      "data": [
        {
          "reaction": {
            "reaction": "LIKE",
            "actor": "Prateek Rastogi"
          }
        }
      ],
      "title": "Prateek Rastogi liked this."
    },
    {
      "timestamp": 1642174363,
      "data": [
        {
          "reaction": {
            "reaction": "LIKE",
            "actor": "Prateek Rastogi"
          }
        }
      ],
      "title": "Prateek Rastogi liked this."
    },
    {
      "timestamp": 1642174378,
      "data": [
        {
          "reaction": {
            "reaction": "LIKE",
            "actor": "Prateek Rastogi"
          }
        }
      ],
      "title": "Prateek Rastogi liked this."
    },
    {
      "timestamp": 1643047406,
      "data": [
        {
          "reaction": {
            "reaction": "LIKE",
            "actor": "Prateek Rastogi"
          }
        }
      ],
      "title": "Prateek Rastogi likes T-Series Apna Punjab's video: Follow: Nawab (Full Song) Mista Baaz | Korwalia Maan | Latest Punjabi Songs 2018."
    },
    {
      "timestamp": 1643047824,
      "data": [
        {
          "reaction": {
            "reaction": "LIKE",
            "actor": "Prateek Rastogi"
          }
        }
      ],
      "title": "Prateek Rastogi likes Muhammad Samie Official's video: Maikada | Muhammad Samie | 2nd Anniversary."
    },
    {
      "timestamp": 1643049256,
      "data": [
        {
          "reaction": {
            "reaction": "LIKE",
            "actor": "Prateek Rastogi"
          }
        }
      ],
      "title": "Prateek Rastogi likes Punjabi no 1's video: New Punjabi Songs ( Pistol) Banni Sandhu, Jassa Dhillon."
    },
    {
      "timestamp": 1643049544,
      "data": [
        {
          "reaction": {
            "reaction": "LIKE",
            "actor": "Prateek Rastogi"
          }
        }
      ],
      "title": "Prateek Rastogi likes Ullu's video: Charm Sukh | Official Trailer | Streaming on 30th Aug. only on ULLU app."
    },
    {
      "timestamp": 1643049661,
      "data": [
        {
          "reaction": {
            "reaction": "LIKE",
            "actor": "Prateek Rastogi"
          }
        }
      ],
      "title": "Prateek Rastogi likes \u00ef\u00bc\u00b2\u00ef\u00bd\u0089\u00ef\u00bd\u0099\u00ef\u00bd\u0081\u00ef\u00bd\u008e\u00ef\u00bd\u0094\u00ef\u00bd\u008f \u00e5\u00bd\u00a1's video."
    },
    {
      "timestamp": 1643049778,
      "data": [
        {
          "reaction": {
            "reaction": "LIKE",
            "actor": "Prateek Rastogi"
          }
        }
      ],
      "title": "Prateek Rastogi likes Sukhwinder Singh's video."
    },
    {
      "timestamp": 1643049957,
      "data": [
        {
          "reaction": {
            "reaction": "LIKE",
            "actor": "Prateek Rastogi"
          }
        }
      ],
      "title": "Prateek Rastogi likes Preksha_rana_official's video."
    },
    {
      "timestamp": 1643049973,
      "data": [
        {
          "reaction": {
            "reaction": "LIKE",
            "actor": "Prateek Rastogi"
          }
        }
      ],
      "title": "Prateek Rastogi likes Jasneet Kaur's video."
    },
    {
      "timestamp": 1643050093,
      "data": [
        {
          "reaction": {
            "reaction": "LIKE",
            "actor": "Prateek Rastogi"
          }
        }
      ],
      "title": "Prateek Rastogi likes Lipsha Rajput's video."
    },
    {
      "timestamp": 1643050110,
      "data": [
        {
          "reaction": {
            "reaction": "LIKE",
            "actor": "Prateek Rastogi"
          }
        }
      ],
      "title": "Prateek Rastogi liked a post."
    },
    {
      "timestamp": 1643050171,
      "data": [
        {
          "reaction": {
            "reaction": "LIKE",
            "actor": "Prateek Rastogi"
          }
        }
      ],
      "title": "Prateek Rastogi likes Imkavy Fitness's video: No pain no gain\u00f0\u009f\u0094\u00a5."
    },
    {
      "timestamp": 1643050182,
      "data": [
        {
          "reaction": {
            "reaction": "LIKE",
            "actor": "Prateek Rastogi"
          }
        }
      ],
      "title": "Prateek Rastogi likes Sad Shayari's video: Follow Us For More Videos \u00f0\u009f\u0091\u008d."
    },
    {
      "timestamp": 1643050248,
      "data": [
        {
          "reaction": {
            "reaction": "LIKE",
            "actor": "Prateek Rastogi"
          }
        }
      ],
      "title": "Prateek Rastogi likes Fik Shun's video."
    },
    {
      "timestamp": 1643050285,
      "data": [
        {
          "reaction": {
            "reaction": "LIKE",
            "actor": "Prateek Rastogi"
          }
        }
      ],
      "title": "Prateek Rastogi liked this."
    },
    {
      "timestamp": 1643050330,
      "data": [
        {
          "reaction": {
            "reaction": "LIKE",
            "actor": "Prateek Rastogi"
          }
        }
      ],
      "title": "Prateek Rastogi liked this."
    },
    {
      "timestamp": 1643050378,
      "data": [
        {
          "reaction": {
            "reaction": "LIKE",
            "actor": "Prateek Rastogi"
          }
        }
      ],
      "title": "Prateek Rastogi liked this."
    },
    {
      "timestamp": 1643050394,
      "data": [
        {
          "reaction": {
            "reaction": "LIKE",
            "actor": "Prateek Rastogi"
          }
        }
      ],
      "title": "Prateek Rastogi liked this."
    },
    {
      "timestamp": 1643050409,
      "data": [
        {
          "reaction": {
            "reaction": "LIKE",
            "actor": "Prateek Rastogi"
          }
        }
      ],
      "title": "Prateek Rastogi likes EAGLE GYM DUBAI's video."
    },
    {
      "timestamp": 1643050439,
      "data": [
        {
          "reaction": {
            "reaction": "LIKE",
            "actor": "Prateek Rastogi"
          }
        }
      ],
      "title": "Prateek Rastogi liked a post."
    },
    {
      "timestamp": 1643050477,
      "data": [
        {
          "reaction": {
            "reaction": "LIKE",
            "actor": "Prateek Rastogi"
          }
        }
      ],
      "title": "Prateek Rastogi likes Preksha_rana_official's video."
    },
    {
      "timestamp": 1643050500,
      "data": [
        {
          "reaction": {
            "reaction": "LIKE",
            "actor": "Prateek Rastogi"
          }
        }
      ],
      "title": "Prateek Rastogi likes Vishnu Gurjar's video."
    },
    {
      "timestamp": 1643050505,
      "data": [
        {
          "reaction": {
            "reaction": "LIKE",
            "actor": "Prateek Rastogi"
          }
        }
      ],
      "title": "Prateek Rastogi likes Taba Reema's video."
    },
    {
      "timestamp": 1643050526,
      "data": [
        {
          "reaction": {
            "reaction": "LIKE",
            "actor": "Prateek Rastogi"
          }
        }
      ],
      "title": "Prateek Rastogi likes Jasneet Kaur's video."
    },
    {
      "timestamp": 1643050565,
      "data": [
        {
          "reaction": {
            "reaction": "LIKE",
            "actor": "Prateek Rastogi"
          }
        }
      ],
      "title": "Prateek Rastogi liked this."
    },
    {
      "timestamp": 1643050603,
      "data": [
        {
          "reaction": {
            "reaction": "LIKE",
            "actor": "Prateek Rastogi"
          }
        }
      ],
      "title": "Prateek Rastogi liked this."
    },
    {
      "timestamp": 1643050618,
      "data": [
        {
          "reaction": {
            "reaction": "LIKE",
            "actor": "Prateek Rastogi"
          }
        }
      ],
      "title": "Prateek Rastogi likes Dragon Dance Company's video: Miss Siya | Book Your Shows | Dragon Dance Company\u00c2\u00ae Ludhiana | 99152 46433."
    },
    {
      "timestamp": 1643050628,
      "data": [
        {
          "reaction": {
            "reaction": "LIKE",
            "actor": "Prateek Rastogi"
          }
        }
      ],
      "title": "Prateek Rastogi likes Ankita Patel's video."
    },
    {
      "timestamp": 1643050654,
      "data": [
        {
          "reaction": {
            "reaction": "LIKE",
            "actor": "Prateek Rastogi"
          }
        }
      ],
      "title": "Prateek Rastogi likes Vishnu priya bhimeneni's video: Miss you meghalayan blues \u00f0\u009f\u0092\u0099\u00f0\u009f\u0092\u0099  #vishnupriyabhimeneni #travel #meghalayantribe #turquoisewaters #blueandpuresky #magicallifeontheplanet."
    },
    {
      "timestamp": 1643050665,
      "data": [
        {
          "reaction": {
            "reaction": "LIKE",
            "actor": "Prateek Rastogi"
          }
        }
      ],
      "title": "Prateek Rastogi liked this."
    },
    {
      "timestamp": 1643050701,
      "data": [
        {
          "reaction": {
            "reaction": "LIKE",
            "actor": "Prateek Rastogi"
          }
        }
      ],
      "title": "Prateek Rastogi likes Preksha_rana_official's video."
    },
    {
      "timestamp": 1643050718,
      "data": [
        {
          "reaction": {
            "reaction": "LIKE",
            "actor": "Prateek Rastogi"
          }
        }
      ],
      "title": "Prateek Rastogi likes Supriya's video: abc."
    },
    {
      "timestamp": 1643050744,
      "data": [
        {
          "reaction": {
            "reaction": "LIKE",
            "actor": "Prateek Rastogi"
          }
        }
      ],
      "title": "Prateek Rastogi likes RK Entertainments's video: Hi."
    },
    {
      "timestamp": 1643050795,
      "data": [
        {
          "reaction": {
            "reaction": "LIKE",
            "actor": "Prateek Rastogi"
          }
        }
      ],
      "title": "Prateek Rastogi liked this."
    },
    {
      "timestamp": 1643050829,
      "data": [
        {
          "reaction": {
            "reaction": "LIKE",
            "actor": "Prateek Rastogi"
          }
        }
      ],
      "title": "Prateek Rastogi likes Sad Shayari's video: Follow Us For More Videos \u00f0\u009f\u0091\u008d."
    },
    {
      "timestamp": 1643050854,
      "data": [
        {
          "reaction": {
            "reaction": "LIKE",
            "actor": "Prateek Rastogi"
          }
        }
      ],
      "title": "Prateek Rastogi likes Love Life's video."
    },
    {
      "timestamp": 1643050894,
      "data": [
        {
          "reaction": {
            "reaction": "LIKE",
            "actor": "Prateek Rastogi"
          }
        }
      ],
      "title": "Prateek Rastogi liked this."
    },
    {
      "timestamp": 1643050912,
      "data": [
        {
          "reaction": {
            "reaction": "LIKE",
            "actor": "Prateek Rastogi"
          }
        }
      ],
      "title": "Prateek Rastogi liked this."
    },
    {
      "timestamp": 1643050927,
      "data": [
        {
          "reaction": {
            "reaction": "LIKE",
            "actor": "Prateek Rastogi"
          }
        }
      ],
      "title": "Prateek Rastogi liked this."
    },
    {
      "timestamp": 1643050936,
      "data": [
        {
          "reaction": {
            "reaction": "LIKE",
            "actor": "Prateek Rastogi"
          }
        }
      ],
      "title": "Prateek Rastogi liked this."
    },
    {
      "timestamp": 1643050977,
      "data": [
        {
          "reaction": {
            "reaction": "LIKE",
            "actor": "Prateek Rastogi"
          }
        }
      ],
      "title": "Prateek Rastogi likes Ankita Patel's video."
    },
    {
      "timestamp": 1643051055,
      "data": [
        {
          "reaction": {
            "reaction": "LIKE",
            "actor": "Prateek Rastogi"
          }
        }
      ],
      "title": "Prateek Rastogi likes Ankita Patel's video."
    },
    {
      "timestamp": 1643051078,
      "data": [
        {
          "reaction": {
            "reaction": "LIKE",
            "actor": "Prateek Rastogi"
          }
        }
      ],
      "title": "Prateek Rastogi likes Anjali Arora's video."
    },
    {
      "timestamp": 1643051105,
      "data": [
        {
          "reaction": {
            "reaction": "LIKE",
            "actor": "Prateek Rastogi"
          }
        }
      ],
      "title": "Prateek Rastogi likes Harsh Gahlot's video: RX100 Part 3 This February."
    },
    {
      "timestamp": 1643051164,
      "data": [
        {
          "reaction": {
            "reaction": "LIKE",
            "actor": "Prateek Rastogi"
          }
        }
      ],
      "title": "Prateek Rastogi liked this."
    },
    {
      "timestamp": 1643051226,
      "data": [
        {
          "reaction": {
            "reaction": "LIKE",
            "actor": "Prateek Rastogi"
          }
        }
      ],
      "title": "Prateek Rastogi liked this."
    },
    {
      "timestamp": 1643051243,
      "data": [
        {
          "reaction": {
            "reaction": "LIKE",
            "actor": "Prateek Rastogi"
          }
        }
      ],
      "title": "Prateek Rastogi likes Priyanka mogia -The beauty girl's video."
    },
    {
      "timestamp": 1643051264,
      "data": [
        {
          "reaction": {
            "reaction": "LIKE",
            "actor": "Prateek Rastogi"
          }
        }
      ],
      "title": "Prateek Rastogi likes Yeh Pyaar Nahi Kasam Tere Pyaar Ki's video."
    },
    {
      "timestamp": 1643051281,
      "data": [
        {
          "reaction": {
            "reaction": "LIKE",
            "actor": "Prateek Rastogi"
          }
        }
      ],
      "title": "Prateek Rastogi liked this."
    },
    {
      "timestamp": 1643051335,
      "data": [
        {
          "reaction": {
            "reaction": "LIKE",
            "actor": "Prateek Rastogi"
          }
        }
      ],
      "title": "Prateek Rastogi likes Anjali Arora's video."
    },
    {
      "timestamp": 1643051358,
      "data": [
        {
          "reaction": {
            "reaction": "LIKE",
            "actor": "Prateek Rastogi"
          }
        }
      ],
      "title": "Prateek Rastogi likes Ankita Patel's video."
    },
    {
      "timestamp": 1643051386,
      "data": [
        {
          "reaction": {
            "reaction": "LIKE",
            "actor": "Prateek Rastogi"
          }
        }
      ],
      "title": "Prateek Rastogi liked this."
    },
    {
      "timestamp": 1643051418,
      "data": [
        {
          "reaction": {
            "reaction": "LIKE",
            "actor": "Prateek Rastogi"
          }
        }
      ],
      "title": "Prateek Rastogi likes RJ Sheetal's video: Punjabi Shayari."
    },
    {
      "timestamp": 1643051430,
      "data": [
        {
          "reaction": {
            "reaction": "LIKE",
            "actor": "Prateek Rastogi"
          }
        }
      ],
      "title": "Prateek Rastogi liked this."
    },
    {
      "timestamp": 1643051450,
      "data": [
        {
          "reaction": {
            "reaction": "LIKE",
            "actor": "Prateek Rastogi"
          }
        }
      ],
      "title": "Prateek Rastogi likes AbhishekDiksha Abhiksha's video."
    },
    {
      "timestamp": 1643051536,
      "data": [
        {
          "reaction": {
            "reaction": "LIKE",
            "actor": "Prateek Rastogi"
          }
        }
      ],
      "title": "Prateek Rastogi liked this."
    },
    {
      "timestamp": 1643051573,
      "data": [
        {
          "reaction": {
            "reaction": "LIKE",
            "actor": "Prateek Rastogi"
          }
        }
      ],
      "title": "Prateek Rastogi liked this."
    },
    {
      "timestamp": 1643051620,
      "data": [
        {
          "reaction": {
            "reaction": "LIKE",
            "actor": "Prateek Rastogi"
          }
        }
      ],
      "title": "Prateek Rastogi liked this."
    },
    {
      "timestamp": 1643051692,
      "data": [
        {
          "reaction": {
            "reaction": "LIKE",
            "actor": "Prateek Rastogi"
          }
        }
      ],
      "title": "Prateek Rastogi liked this."
    },
    {
      "timestamp": 1643051702,
      "data": [
        {
          "reaction": {
            "reaction": "LIKE",
            "actor": "Prateek Rastogi"
          }
        }
      ],
      "title": "Prateek Rastogi likes Kika Kim's video."
    },
    {
      "timestamp": 1643051759,
      "data": [
        {
          "reaction": {
            "reaction": "LIKE",
            "actor": "Prateek Rastogi"
          }
        }
      ],
      "title": "Prateek Rastogi liked this."
    },
    {
      "timestamp": 1643051782,
      "data": [
        {
          "reaction": {
            "reaction": "LIKE",
            "actor": "Prateek Rastogi"
          }
        }
      ],
      "title": "Prateek Rastogi likes Ankita Patel's video."
    },
    {
      "timestamp": 1643051833,
      "data": [
        {
          "reaction": {
            "reaction": "LIKE",
            "actor": "Prateek Rastogi"
          }
        }
      ],
      "title": "Prateek Rastogi likes Ankita Patel's video."
    },
    {
      "timestamp": 1643051938,
      "data": [
        {
          "reaction": {
            "reaction": "LIKE",
            "actor": "Prateek Rastogi"
          }
        }
      ],
      "title": "Prateek Rastogi liked this."
    },
    {
      "timestamp": 1643051966,
      "data": [
        {
          "reaction": {
            "reaction": "LIKE",
            "actor": "Prateek Rastogi"
          }
        }
      ],
      "title": "Prateek Rastogi liked a post."
    },
    {
      "timestamp": 1643051990,
      "data": [
        {
          "reaction": {
            "reaction": "LIKE",
            "actor": "Prateek Rastogi"
          }
        }
      ],
      "title": "Prateek Rastogi liked this."
    },
    {
      "timestamp": 1647226909,
      "data": [
        {
          "reaction": {
            "reaction": "LIKE",
            "actor": "Prateek Rastogi"
          }
        }
      ],
      "title": "Prateek Rastogi likes Instant Delhi's post."
    },
    {
      "timestamp": 1648266373,
      "data": [
        {
          "reaction": {
            "reaction": "LIKE",
            "actor": "Prateek Rastogi"
          }
        }
      ],
      "title": "Prateek Rastogi likes his own post."
    }
  ]
}