{
  "rejected_requests_v2": [
    {
      "name": "Yan Nie Domma",
      "timestamp": 1639631931
    },
    {
      "name": "Muskan Kumari",
      "timestamp": 1641043305
    },
    {
      "name": "Goswami Y\u00c3\u00a0sh",
      "timestamp": 1639626546
    },
    {
      "name": "Pradeep Kumar",
      "timestamp": 1639626546
    },
    {
      "name": "Saurabh Kumar",
      "timestamp": 1639626546
    },
    {
      "name": "Gaurav Kumar",
      "timestamp": 1639626546
    },
    {
      "name": "Yan Nie Domma",
      "timestamp": 1643315568,
      "marked_as_spam": true
    },
    {
      "name": "Muskan Kumari",
      "timestamp": 1643315558,
      "marked_as_spam": true
    }
  ]
}