{
  "location_history_v2": [
    {
      "name": "Noida",
      "coordinate": {
        "latitude": 28.50622177124,
        "longitude": 77.361251831055
      },
      "creation_timestamp": 1643291036
    },
    {
      "name": "Noida",
      "coordinate": {
        "latitude": 28.50652885437,
        "longitude": 77.365989685059
      },
      "creation_timestamp": 1643290262
    },
    {
      "name": "Noida",
      "coordinate": {
        "latitude": 28.510515213013,
        "longitude": 77.37036895752
      },
      "creation_timestamp": 1643287870
    },
    {
      "name": "Noida",
      "coordinate": {
        "latitude": 28.513265609741,
        "longitude": 77.373504638672
      },
      "creation_timestamp": 1643287810
    },
    {
      "name": "Noida",
      "coordinate": {
        "latitude": 28.51428604126,
        "longitude": 77.37638092041
      },
      "creation_timestamp": 1643286764
    },
    {
      "name": "Noida",
      "coordinate": {
        "latitude": 28.511697769165,
        "longitude": 77.376983642578
      },
      "creation_timestamp": 1643286654
    },
    {
      "name": "Noida",
      "coordinate": {
        "latitude": 28.509044647217,
        "longitude": 77.374572753906
      },
      "creation_timestamp": 1643285485
    },
    {
      "name": "Noida",
      "coordinate": {
        "latitude": 28.504959106445,
        "longitude": 77.378829956055
      },
      "creation_timestamp": 1643283618
    },
    {
      "name": "Noida",
      "coordinate": {
        "latitude": 28.502882003784,
        "longitude": 77.379791259766
      },
      "creation_timestamp": 1643216096
    },
    {
      "name": "Noida",
      "coordinate": {
        "latitude": 28.503496170044,
        "longitude": 77.380111694336
      },
      "creation_timestamp": 1643215299
    },
    {
      "name": "Noida",
      "coordinate": {
        "latitude": 28.505374908447,
        "longitude": 77.381492614746
      },
      "creation_timestamp": 1643214180
    },
    {
      "name": "Noida",
      "coordinate": {
        "latitude": 28.504343032837,
        "longitude": 77.383010864258
      },
      "creation_timestamp": 1643214093
    },
    {
      "name": "Noida",
      "coordinate": {
        "latitude": 28.503450393677,
        "longitude": 77.385391235352
      },
      "creation_timestamp": 1643213107
    },
    {
      "name": "Noida",
      "coordinate": {
        "latitude": 28.502433776855,
        "longitude": 77.382919311523
      },
      "creation_timestamp": 1643212534
    },
    {
      "name": "Noida",
      "coordinate": {
        "latitude": 28.503475189209,
        "longitude": 77.378433227539
      },
      "creation_timestamp": 1643210366
    },
    {
      "name": "Noida",
      "coordinate": {
        "latitude": 28.502965927124,
        "longitude": 77.375465393066
      },
      "creation_timestamp": 1643209914
    },
    {
      "name": "Noida",
      "coordinate": {
        "latitude": 28.505876541138,
        "longitude": 77.363067626953
      },
      "creation_timestamp": 1643207203
    },
    {
      "name": "Noida",
      "coordinate": {
        "latitude": 28.51021194458,
        "longitude": 77.369033813477
      },
      "creation_timestamp": 1643207174
    },
    {
      "name": "Noida",
      "coordinate": {
        "latitude": 28.512641906738,
        "longitude": 77.374526977539
      },
      "creation_timestamp": 1643204656
    },
    {
      "name": "Noida",
      "coordinate": {
        "latitude": 28.512435913086,
        "longitude": 77.376502990723
      },
      "creation_timestamp": 1643204564
    },
    {
      "name": "Noida",
      "coordinate": {
        "latitude": 28.509130477905,
        "longitude": 77.374649047852
      },
      "creation_timestamp": 1643203771
    },
    {
      "name": "Noida",
      "coordinate": {
        "latitude": 28.50691986084,
        "longitude": 77.378204345703
      },
      "creation_timestamp": 1643203651
    },
    {
      "name": "Noida",
      "coordinate": {
        "latitude": 28.503351211548,
        "longitude": 77.379066467285
      },
      "creation_timestamp": 1643200237
    },
    {
      "name": "Noida",
      "coordinate": {
        "latitude": 28.502368927002,
        "longitude": 77.380485534668
      },
      "creation_timestamp": 1643195859
    },
    {
      "name": "Noida",
      "coordinate": {
        "latitude": 28.503978729248,
        "longitude": 77.378143310547
      },
      "creation_timestamp": 1643194436
    },
    {
      "name": "Noida",
      "coordinate": {
        "latitude": 28.508045196533,
        "longitude": 77.378448486328
      },
      "creation_timestamp": 1643194361
    },
    {
      "name": "Noida",
      "coordinate": {
        "latitude": 28.508943557739,
        "longitude": 77.374603271484
      },
      "creation_timestamp": 1643192739
    },
    {
      "name": "Noida",
      "coordinate": {
        "latitude": 28.510911941528,
        "longitude": 77.375671386719
      },
      "creation_timestamp": 1643192672
    },
    {
      "name": "Noida",
      "coordinate": {
        "latitude": 28.514141082764,
        "longitude": 77.376655578613
      },
      "creation_timestamp": 1643191562
    },
    {
      "name": "Noida",
      "coordinate": {
        "latitude": 28.510396957397,
        "longitude": 77.376655578613
      },
      "creation_timestamp": 1643191393
    },
    {
      "name": "Noida",
      "coordinate": {
        "latitude": 28.507879257202,
        "longitude": 77.376831054688
      },
      "creation_timestamp": 1643190588
    },
    {
      "name": "Noida",
      "coordinate": {
        "latitude": 28.505016326904,
        "longitude": 77.378547668457
      },
      "creation_timestamp": 1643189080
    },
    {
      "name": "Noida",
      "coordinate": {
        "latitude": 28.502843856812,
        "longitude": 77.379692077637
      },
      "creation_timestamp": 1643129063
    },
    {
      "name": "Noida",
      "coordinate": {
        "latitude": 28.502490997314,
        "longitude": 77.380012512207
      },
      "creation_timestamp": 1643128084
    },
    {
      "name": "Noida",
      "coordinate": {
        "latitude": 28.504058837891,
        "longitude": 77.378410339355
      },
      "creation_timestamp": 1643126906
    },
    {
      "name": "Noida",
      "coordinate": {
        "latitude": 28.50760269165,
        "longitude": 77.380966186523
      },
      "creation_timestamp": 1643126846
    },
    {
      "name": "Noida",
      "coordinate": {
        "latitude": 28.505880355835,
        "longitude": 77.382911682129
      },
      "creation_timestamp": 1643125396
    },
    {
      "name": "Noida",
      "coordinate": {
        "latitude": 28.502672195435,
        "longitude": 77.384429931641
      },
      "creation_timestamp": 1643123720
    },
    {
      "name": "Noida",
      "coordinate": {
        "latitude": 28.50757598877,
        "longitude": 77.379104614258
      },
      "creation_timestamp": 1643122304
    },
    {
      "name": "Noida",
      "coordinate": {
        "latitude": 28.508874893188,
        "longitude": 77.374519348145
      },
      "creation_timestamp": 1643122244
    },
    {
      "name": "Noida",
      "coordinate": {
        "latitude": 28.513359069824,
        "longitude": 77.37663269043
      },
      "creation_timestamp": 1643120798
    },
    {
      "name": "Noida",
      "coordinate": {
        "latitude": 28.511590957642,
        "longitude": 77.377548217773
      },
      "creation_timestamp": 1643120738
    },
    {
      "name": "Noida",
      "coordinate": {
        "latitude": 28.508880615234,
        "longitude": 77.374969482422
      },
      "creation_timestamp": 1643119975
    },
    {
      "name": "Noida",
      "coordinate": {
        "latitude": 28.506811141968,
        "longitude": 77.379264831543
      },
      "creation_timestamp": 1643119915
    },
    {
      "name": "Noida",
      "coordinate": {
        "latitude": 28.503946304321,
        "longitude": 77.378196716309
      },
      "creation_timestamp": 1643118368
    },
    {
      "name": "Noida",
      "coordinate": {
        "latitude": 28.502882003784,
        "longitude": 77.379844665527
      },
      "creation_timestamp": 1643114528
    },
    {
      "name": "Noida",
      "coordinate": {
        "latitude": 28.502426147461,
        "longitude": 77.378051757812
      },
      "creation_timestamp": 1643110779
    },
    {
      "name": "Noida",
      "coordinate": {
        "latitude": 28.504722595215,
        "longitude": 77.371475219727
      },
      "creation_timestamp": 1643109325
    },
    {
      "name": "Noida",
      "coordinate": {
        "latitude": 28.505535125732,
        "longitude": 77.368606567383
      },
      "creation_timestamp": 1643108665
    },
    {
      "name": "Noida",
      "coordinate": {
        "latitude": 28.516309738159,
        "longitude": 77.356758117676
      },
      "creation_timestamp": 1643106487
    },
    {
      "name": "Noida",
      "coordinate": {
        "latitude": 28.514116287231,
        "longitude": 77.357177734375
      },
      "creation_timestamp": 1643105843
    },
    {
      "name": "Noida",
      "coordinate": {
        "latitude": 28.509599685669,
        "longitude": 77.36939239502
      },
      "creation_timestamp": 1643099760
    },
    {
      "name": "Noida",
      "coordinate": {
        "latitude": 28.50952911377,
        "longitude": 77.37614440918
      },
      "creation_timestamp": 1643099424
    },
    {
      "name": "Noida",
      "coordinate": {
        "latitude": 28.507831573486,
        "longitude": 77.37784576416
      },
      "creation_timestamp": 1643098694
    },
    {
      "name": "Noida",
      "coordinate": {
        "latitude": 28.50457572937,
        "longitude": 77.379035949707
      },
      "creation_timestamp": 1643097355
    },
    {
      "name": "Noida",
      "coordinate": {
        "latitude": 28.502889633179,
        "longitude": 77.379936218262
      },
      "creation_timestamp": 1643073320
    },
    {
      "name": "Noida",
      "coordinate": {
        "latitude": 28.502834320068,
        "longitude": 77.379684448242
      },
      "creation_timestamp": 1643042930
    },
    {
      "name": "Noida",
      "coordinate": {
        "latitude": 28.502815246582,
        "longitude": 77.379852294922
      },
      "creation_timestamp": 1643042029
    },
    {
      "name": "Noida",
      "coordinate": {
        "latitude": 28.503986358643,
        "longitude": 77.378158569336
      },
      "creation_timestamp": 1643040988
    },
    {
      "name": "Noida",
      "coordinate": {
        "latitude": 28.508951187134,
        "longitude": 77.377838134766
      },
      "creation_timestamp": 1643038964
    },
    {
      "name": "Noida",
      "coordinate": {
        "latitude": 28.519477844238,
        "longitude": 77.37427520752
      },
      "creation_timestamp": 1643037642
    },
    {
      "name": "Noida",
      "coordinate": {
        "latitude": 28.526531219482,
        "longitude": 77.364608764648
      },
      "creation_timestamp": 1643037582
    },
    {
      "name": "Noida",
      "coordinate": {
        "latitude": 28.529140472412,
        "longitude": 77.359558105469
      },
      "creation_timestamp": 1643035068
    },
    {
      "name": "Noida",
      "coordinate": {
        "latitude": 28.524244308472,
        "longitude": 77.353355407715
      },
      "creation_timestamp": 1643032319
    },
    {
      "name": "Noida",
      "coordinate": {
        "latitude": 28.519165039062,
        "longitude": 77.357131958008
      },
      "creation_timestamp": 1643031786
    },
    {
      "name": "Noida",
      "coordinate": {
        "latitude": 28.51771736145,
        "longitude": 77.355186462402
      },
      "creation_timestamp": 1643031726
    },
    {
      "name": "Noida",
      "coordinate": {
        "latitude": 28.51886177063,
        "longitude": 77.357444763184
      },
      "creation_timestamp": 1643031122
    },
    {
      "name": "Noida",
      "coordinate": {
        "latitude": 28.51727104187,
        "longitude": 77.348442077637
      },
      "creation_timestamp": 1643030556
    },
    {
      "name": "Delhi",
      "coordinate": {
        "latitude": 28.512609481812,
        "longitude": 77.338325500488
      },
      "creation_timestamp": 1643029083
    },
    {
      "name": "Noida",
      "coordinate": {
        "latitude": 28.510339736938,
        "longitude": 77.358367919922
      },
      "creation_timestamp": 1643027282
    },
    {
      "name": "Noida",
      "coordinate": {
        "latitude": 28.507478713989,
        "longitude": 77.365608215332
      },
      "creation_timestamp": 1643026172
    },
    {
      "name": "Noida",
      "coordinate": {
        "latitude": 28.508476257324,
        "longitude": 77.367095947266
      },
      "creation_timestamp": 1643025856
    },
    {
      "name": "Noida",
      "coordinate": {
        "latitude": 28.510131835938,
        "longitude": 77.369125366211
      },
      "creation_timestamp": 1643024866
    },
    {
      "name": "Noida",
      "coordinate": {
        "latitude": 28.513263702393,
        "longitude": 77.374000549316
      },
      "creation_timestamp": 1643020329
    },
    {
      "name": "Noida",
      "coordinate": {
        "latitude": 28.514129638672,
        "longitude": 77.376792907715
      },
      "creation_timestamp": 1643019497
    },
    {
      "name": "Noida",
      "coordinate": {
        "latitude": 28.507595062256,
        "longitude": 77.378234863281
      },
      "creation_timestamp": 1643018515
    },
    {
      "name": "Noida",
      "coordinate": {
        "latitude": 28.502923965454,
        "longitude": 77.379737854004
      },
      "creation_timestamp": 1642984345
    },
    {
      "name": "Noida",
      "coordinate": {
        "latitude": 28.502864837646,
        "longitude": 77.379783630371
      },
      "creation_timestamp": 1642948938
    },
    {
      "name": "Noida",
      "coordinate": {
        "latitude": 28.501907348633,
        "longitude": 77.379264831543
      },
      "creation_timestamp": 1642946749
    },
    {
      "name": "Noida",
      "coordinate": {
        "latitude": 28.501029968262,
        "longitude": 77.383918762207
      },
      "creation_timestamp": 1642945789
    },
    {
      "name": "Noida",
      "coordinate": {
        "latitude": 28.496932983398,
        "longitude": 77.390396118164
      },
      "creation_timestamp": 1642945177
    },
    {
      "name": "Noida",
      "coordinate": {
        "latitude": 28.498952865601,
        "longitude": 77.394340515137
      },
      "creation_timestamp": 1642942769
    },
    {
      "name": "Noida",
      "coordinate": {
        "latitude": 28.500032424927,
        "longitude": 77.398582458496
      },
      "creation_timestamp": 1642942709
    },
    {
      "name": "Noida",
      "coordinate": {
        "latitude": 28.496355056763,
        "longitude": 77.400825500488
      },
      "creation_timestamp": 1642941734
    },
    {
      "name": "Noida",
      "coordinate": {
        "latitude": 28.495653152466,
        "longitude": 77.403770446777
      },
      "creation_timestamp": 1642941246
    },
    {
      "name": "Noida",
      "coordinate": {
        "latitude": 28.493436813354,
        "longitude": 77.409042358398
      },
      "creation_timestamp": 1642938892
    },
    {
      "name": "Noida",
      "coordinate": {
        "latitude": 28.472831726074,
        "longitude": 77.406455993652
      },
      "creation_timestamp": 1642937442
    },
    {
      "name": "Noida",
      "coordinate": {
        "latitude": 28.477453231812,
        "longitude": 77.412956237793
      },
      "creation_timestamp": 1642934888
    },
    {
      "name": "Noida",
      "coordinate": {
        "latitude": 28.494508743286,
        "longitude": 77.404808044434
      },
      "creation_timestamp": 1642933278
    },
    {
      "name": "Noida",
      "coordinate": {
        "latitude": 28.49764251709,
        "longitude": 77.400947570801
      },
      "creation_timestamp": 1642933097
    },
    {
      "name": "Noida",
      "coordinate": {
        "latitude": 28.499126434326,
        "longitude": 77.394355773926
      },
      "creation_timestamp": 1642931912
    },
    {
      "name": "Noida",
      "coordinate": {
        "latitude": 28.499448776245,
        "longitude": 77.391624450684
      },
      "creation_timestamp": 1642931563
    },
    {
      "name": "Noida",
      "coordinate": {
        "latitude": 28.503429412842,
        "longitude": 77.385566711426
      },
      "creation_timestamp": 1642930448
    },
    {
      "name": "Noida",
      "coordinate": {
        "latitude": 28.5026512146,
        "longitude": 77.38298034668
      },
      "creation_timestamp": 1642929845
    },
    {
      "name": "Noida",
      "coordinate": {
        "latitude": 28.502729415894,
        "longitude": 77.379600524902
      },
      "creation_timestamp": 1642925014
    },
    {
      "name": "Noida",
      "coordinate": {
        "latitude": 28.503984451294,
        "longitude": 77.37816619873
      },
      "creation_timestamp": 1642924090
    },
    {
      "name": "Noida",
      "coordinate": {
        "latitude": 28.502239227295,
        "longitude": 77.38028717041
      },
      "creation_timestamp": 1642919894
    },
    {
      "name": "Noida",
      "coordinate": {
        "latitude": 28.503952026367,
        "longitude": 77.378120422363
      },
      "creation_timestamp": 1642918821
    },
    {
      "name": "Noida",
      "coordinate": {
        "latitude": 28.502893447876,
        "longitude": 77.379837036133
      },
      "creation_timestamp": 1642916940
    },
    {
      "name": "Noida",
      "coordinate": {
        "latitude": 28.503995895386,
        "longitude": 77.378196716309
      },
      "creation_timestamp": 1642908469
    },
    {
      "name": "Noida",
      "coordinate": {
        "latitude": 28.502861022949,
        "longitude": 77.379470825195
      },
      "creation_timestamp": 1642901940
    },
    {
      "name": "Noida",
      "coordinate": {
        "latitude": 28.503631591797,
        "longitude": 77.377265930176
      },
      "creation_timestamp": 1642901880
    },
    {
      "name": "Noida",
      "coordinate": {
        "latitude": 28.503025054932,
        "longitude": 77.379638671875
      },
      "creation_timestamp": 1642883260
    },
    {
      "name": "Noida",
      "coordinate": {
        "latitude": 28.502889633179,
        "longitude": 77.379837036133
      },
      "creation_timestamp": 1642870247
    },
    {
      "name": "Noida",
      "coordinate": {
        "latitude": 28.504018783569,
        "longitude": 77.378189086914
      },
      "creation_timestamp": 1642868269
    },
    {
      "name": "Noida",
      "coordinate": {
        "latitude": 28.505826950073,
        "longitude": 77.378540039062
      },
      "creation_timestamp": 1642868209
    },
    {
      "name": "Noida",
      "coordinate": {
        "latitude": 28.508785247803,
        "longitude": 77.374862670898
      },
      "creation_timestamp": 1642867443
    },
    {
      "name": "Noida",
      "coordinate": {
        "latitude": 28.511095046997,
        "longitude": 77.374374389648
      },
      "creation_timestamp": 1642866935
    },
    {
      "name": "Noida",
      "coordinate": {
        "latitude": 28.515314102173,
        "longitude": 77.376884460449
      },
      "creation_timestamp": 1642864005
    },
    {
      "name": "Noida",
      "coordinate": {
        "latitude": 28.522808074951,
        "longitude": 77.372932434082
      },
      "creation_timestamp": 1642862852
    },
    {
      "name": "Noida",
      "coordinate": {
        "latitude": 28.525886535645,
        "longitude": 77.366470336914
      },
      "creation_timestamp": 1642862228
    },
    {
      "name": "Noida",
      "coordinate": {
        "latitude": 28.528776168823,
        "longitude": 77.357696533203
      },
      "creation_timestamp": 1642860713
    },
    {
      "name": "Noida",
      "coordinate": {
        "latitude": 28.527599334717,
        "longitude": 77.353942871094
      },
      "creation_timestamp": 1642859794
    },
    {
      "name": "Noida",
      "coordinate": {
        "latitude": 28.523197174072,
        "longitude": 77.352981567383
      },
      "creation_timestamp": 1642858799
    },
    {
      "name": "Noida",
      "coordinate": {
        "latitude": 28.511688232422,
        "longitude": 77.370819091797
      },
      "creation_timestamp": 1642848657
    },
    {
      "name": "Noida",
      "coordinate": {
        "latitude": 28.509422302246,
        "longitude": 77.378211975098
      },
      "creation_timestamp": 1642847549
    },
    {
      "name": "Noida",
      "coordinate": {
        "latitude": 28.508916854858,
        "longitude": 77.374977111816
      },
      "creation_timestamp": 1642846819
    },
    {
      "name": "Noida",
      "coordinate": {
        "latitude": 28.505001068115,
        "longitude": 77.378860473633
      },
      "creation_timestamp": 1642845022
    },
    {
      "name": "Noida",
      "coordinate": {
        "latitude": 28.503461837769,
        "longitude": 77.37890625
      },
      "creation_timestamp": 1642835928
    },
    {
      "name": "Noida",
      "coordinate": {
        "latitude": 28.502878189087,
        "longitude": 77.37979888916
      },
      "creation_timestamp": 1642785180
    },
    {
      "name": "Noida",
      "coordinate": {
        "latitude": 28.50271987915,
        "longitude": 77.380065917969
      },
      "creation_timestamp": 1642783394
    },
    {
      "name": "Noida",
      "coordinate": {
        "latitude": 28.503854751587,
        "longitude": 77.378280639648
      },
      "creation_timestamp": 1642782459
    },
    {
      "name": "Noida",
      "coordinate": {
        "latitude": 28.50249671936,
        "longitude": 77.379013061523
      },
      "creation_timestamp": 1642775075
    },
    {
      "name": "Noida",
      "coordinate": {
        "latitude": 28.50708770752,
        "longitude": 77.367622375488
      },
      "creation_timestamp": 1642772748
    },
    {
      "name": "Noida",
      "coordinate": {
        "latitude": 28.509170532227,
        "longitude": 77.367332458496
      },
      "creation_timestamp": 1642772688
    },
    {
      "name": "Noida",
      "coordinate": {
        "latitude": 28.511547088623,
        "longitude": 77.372817993164
      },
      "creation_timestamp": 1642771365
    },
    {
      "name": "Noida",
      "coordinate": {
        "latitude": 28.513381958008,
        "longitude": 77.373893737793
      },
      "creation_timestamp": 1642770252
    },
    {
      "name": "Noida",
      "coordinate": {
        "latitude": 28.509368896484,
        "longitude": 77.377922058105
      },
      "creation_timestamp": 1642769081
    },
    {
      "name": "Noida",
      "coordinate": {
        "latitude": 28.502710342407,
        "longitude": 77.380645751953
      },
      "creation_timestamp": 1642764199
    },
    {
      "name": "Noida",
      "coordinate": {
        "latitude": 28.502721786499,
        "longitude": 77.384895324707
      },
      "creation_timestamp": 1642762214
    },
    {
      "name": "Noida",
      "coordinate": {
        "latitude": 28.501316070557,
        "longitude": 77.383499145508
      },
      "creation_timestamp": 1642762154
    },
    {
      "name": "Noida",
      "coordinate": {
        "latitude": 28.502931594849,
        "longitude": 77.379776000977
      },
      "creation_timestamp": 1642754311
    },
    {
      "name": "Noida",
      "coordinate": {
        "latitude": 28.494361877441,
        "longitude": 77.397193908691
      },
      "creation_timestamp": 1642504248
    },
    {
      "name": "Noida",
      "coordinate": {
        "latitude": 28.472776412964,
        "longitude": 77.400695800781
      },
      "creation_timestamp": 1642502443
    },
    {
      "name": "Noida",
      "coordinate": {
        "latitude": 28.503740310669,
        "longitude": 77.379615783691
      },
      "creation_timestamp": 1642316744
    },
    {
      "name": "Noida",
      "coordinate": {
        "latitude": 28.503419876099,
        "longitude": 77.379035949707
      },
      "creation_timestamp": 1642307624
    },
    {
      "name": "Noida",
      "coordinate": {
        "latitude": 28.502820968628,
        "longitude": 77.379554748535
      },
      "creation_timestamp": 1642182761
    },
    {
      "name": "Noida",
      "coordinate": {
        "latitude": 28.50269317627,
        "longitude": 77.379432678223
      },
      "creation_timestamp": 1642122616
    },
    {
      "name": "Noida",
      "coordinate": {
        "latitude": 28.510450363159,
        "longitude": 77.356071472168
      },
      "creation_timestamp": 1642057288
    },
    {
      "name": "Noida",
      "coordinate": {
        "latitude": 28.511373519897,
        "longitude": 77.374176025391
      },
      "creation_timestamp": 1642053220
    },
    {
      "name": "Noida",
      "coordinate": {
        "latitude": 28.509687423706,
        "longitude": 77.377403259277
      },
      "creation_timestamp": 1642052128
    },
    {
      "name": "Noida",
      "coordinate": {
        "latitude": 28.502817153931,
        "longitude": 77.379699707031
      },
      "creation_timestamp": 1642044551
    },
    {
      "name": "Noida",
      "coordinate": {
        "latitude": 28.504062652588,
        "longitude": 77.378494262695
      },
      "creation_timestamp": 1642043030
    },
    {
      "name": "Noida",
      "coordinate": {
        "latitude": 28.507316589355,
        "longitude": 77.381469726562
      },
      "creation_timestamp": 1642042240
    },
    {
      "name": "Noida",
      "coordinate": {
        "latitude": 28.504806518555,
        "longitude": 77.386505126953
      },
      "creation_timestamp": 1642041596
    },
    {
      "name": "Noida",
      "coordinate": {
        "latitude": 28.502933502197,
        "longitude": 77.386016845703
      },
      "creation_timestamp": 1642039059
    },
    {
      "name": "Noida",
      "coordinate": {
        "latitude": 28.500453948975,
        "longitude": 77.383598327637
      },
      "creation_timestamp": 1642039003
    },
    {
      "name": "Noida",
      "coordinate": {
        "latitude": 28.502449035645,
        "longitude": 77.379997253418
      },
      "creation_timestamp": 1642037749
    },
    {
      "name": "Noida",
      "coordinate": {
        "latitude": 28.502700805664,
        "longitude": 77.378257751465
      },
      "creation_timestamp": 1642037085
    },
    {
      "name": "Noida",
      "coordinate": {
        "latitude": 28.504169464111,
        "longitude": 77.376731872559
      },
      "creation_timestamp": 1642036683
    },
    {
      "name": "Noida",
      "coordinate": {
        "latitude": 28.502885818481,
        "longitude": 77.379867553711
      },
      "creation_timestamp": 1642026620
    },
    {
      "name": "Noida",
      "coordinate": {
        "latitude": 28.50288772583,
        "longitude": 77.379867553711
      },
      "creation_timestamp": 1641983936
    },
    {
      "name": "Noida",
      "coordinate": {
        "latitude": 28.502799987793,
        "longitude": 77.379447937012
      },
      "creation_timestamp": 1641953873
    },
    {
      "name": "Noida",
      "coordinate": {
        "latitude": 28.503303527832,
        "longitude": 77.377632141113
      },
      "creation_timestamp": 1641952222
    },
    {
      "name": "Noida",
      "coordinate": {
        "latitude": 28.502882003784,
        "longitude": 77.379852294922
      },
      "creation_timestamp": 1641836032
    },
    {
      "name": "Noida",
      "coordinate": {
        "latitude": 28.503158569336,
        "longitude": 77.378883361816
      },
      "creation_timestamp": 1641791956
    },
    {
      "name": "Noida",
      "coordinate": {
        "latitude": 28.503646850586,
        "longitude": 77.385810852051
      },
      "creation_timestamp": 1641779355
    },
    {
      "name": "Noida",
      "coordinate": {
        "latitude": 28.5022315979,
        "longitude": 77.384307861328
      },
      "creation_timestamp": 1641779295
    },
    {
      "name": "Noida",
      "coordinate": {
        "latitude": 28.501676559448,
        "longitude": 77.380981445312
      },
      "creation_timestamp": 1641778178
    },
    {
      "name": "Noida",
      "coordinate": {
        "latitude": 28.50288772583,
        "longitude": 77.378776550293
      },
      "creation_timestamp": 1641776225
    },
    {
      "name": "Noida",
      "coordinate": {
        "latitude": 28.502899169922,
        "longitude": 77.379859924316
      },
      "creation_timestamp": 1641749520
    },
    {
      "name": "Noida",
      "coordinate": {
        "latitude": 28.502452850342,
        "longitude": 77.380126953125
      },
      "creation_timestamp": 1641701387
    },
    {
      "name": "Noida",
      "coordinate": {
        "latitude": 28.505392074585,
        "longitude": 77.379974365234
      },
      "creation_timestamp": 1641699079
    },
    {
      "name": "Noida",
      "coordinate": {
        "latitude": 28.505464553833,
        "longitude": 77.383491516113
      },
      "creation_timestamp": 1641699019
    },
    {
      "name": "Noida",
      "coordinate": {
        "latitude": 28.50553894043,
        "longitude": 77.386817932129
      },
      "creation_timestamp": 1641697163
    },
    {
      "name": "Noida",
      "coordinate": {
        "latitude": 28.504808425903,
        "longitude": 77.380073547363
      },
      "creation_timestamp": 1641691153
    },
    {
      "name": "Noida",
      "coordinate": {
        "latitude": 28.502922058105,
        "longitude": 77.379722595215
      },
      "creation_timestamp": 1641672609
    },
    {
      "name": "Noida",
      "coordinate": {
        "latitude": 28.502889633179,
        "longitude": 77.379753112793
      },
      "creation_timestamp": 1641658232
    },
    {
      "name": "Noida",
      "coordinate": {
        "latitude": 28.5032081604,
        "longitude": 77.380325317383
      },
      "creation_timestamp": 1641657575
    },
    {
      "name": "Noida",
      "coordinate": {
        "latitude": 28.506223678589,
        "longitude": 77.380722045898
      },
      "creation_timestamp": 1641654203
    },
    {
      "name": "Noida",
      "coordinate": {
        "latitude": 28.50691986084,
        "longitude": 77.383285522461
      },
      "creation_timestamp": 1641653832
    },
    {
      "name": "Noida",
      "coordinate": {
        "latitude": 28.503337860107,
        "longitude": 77.385131835938
      },
      "creation_timestamp": 1641652655
    },
    {
      "name": "Noida",
      "coordinate": {
        "latitude": 28.502807617188,
        "longitude": 77.379211425781
      },
      "creation_timestamp": 1641592753
    },
    {
      "name": "Noida",
      "coordinate": {
        "latitude": 28.502897262573,
        "longitude": 77.379829406738
      },
      "creation_timestamp": 1641577876
    },
    {
      "name": "Noida",
      "coordinate": {
        "latitude": 28.505556106567,
        "longitude": 77.382019042969
      },
      "creation_timestamp": 1641572941
    },
    {
      "name": "Noida",
      "coordinate": {
        "latitude": 28.505043029785,
        "longitude": 77.381660461426
      },
      "creation_timestamp": 1641521200
    },
    {
      "name": "Noida",
      "coordinate": {
        "latitude": 28.506101608276,
        "longitude": 77.382781982422
      },
      "creation_timestamp": 1641521186
    },
    {
      "name": "Noida",
      "coordinate": {
        "latitude": 28.502878189087,
        "longitude": 77.379737854004
      },
      "creation_timestamp": 1641289137
    },
    {
      "name": "Noida",
      "coordinate": {
        "latitude": 28.50340461731,
        "longitude": 77.378776550293
      },
      "creation_timestamp": 1641265903
    },
    {
      "name": "Noida",
      "coordinate": {
        "latitude": 28.507688522339,
        "longitude": 77.37776184082
      },
      "creation_timestamp": 1641265520
    },
    {
      "name": "Noida",
      "coordinate": {
        "latitude": 28.513288497925,
        "longitude": 77.376602172852
      },
      "creation_timestamp": 1641263798
    },
    {
      "name": "Noida",
      "coordinate": {
        "latitude": 28.511194229126,
        "longitude": 77.377105712891
      },
      "creation_timestamp": 1641263573
    },
    {
      "name": "Noida",
      "coordinate": {
        "latitude": 28.50569152832,
        "longitude": 77.379447937012
      },
      "creation_timestamp": 1641262455
    },
    {
      "name": "Noida",
      "coordinate": {
        "latitude": 28.503694534302,
        "longitude": 77.377502441406
      },
      "creation_timestamp": 1641256670
    },
    {
      "name": "Noida",
      "coordinate": {
        "latitude": 28.502841949463,
        "longitude": 77.379196166992
      },
      "creation_timestamp": 1641246191
    },
    {
      "name": "Noida",
      "coordinate": {
        "latitude": 28.507329940796,
        "longitude": 77.38208770752
      },
      "creation_timestamp": 1641227691
    },
    {
      "name": "Noida",
      "coordinate": {
        "latitude": 28.50569152832,
        "longitude": 77.383583068848
      },
      "creation_timestamp": 1641227631
    },
    {
      "name": "Noida",
      "coordinate": {
        "latitude": 28.502937316895,
        "longitude": 77.385726928711
      },
      "creation_timestamp": 1641226113
    },
    {
      "name": "Noida",
      "coordinate": {
        "latitude": 28.505193710327,
        "longitude": 77.381637573242
      },
      "creation_timestamp": 1641111909
    },
    {
      "name": "Noida",
      "coordinate": {
        "latitude": 28.508913040161,
        "longitude": 77.374809265137
      },
      "creation_timestamp": 1641111194
    },
    {
      "name": "Noida",
      "coordinate": {
        "latitude": 28.504365921021,
        "longitude": 77.378715515137
      },
      "creation_timestamp": 1641109590
    },
    {
      "name": "Noida",
      "coordinate": {
        "latitude": 28.502904891968,
        "longitude": 77.379867553711
      },
      "creation_timestamp": 1641064102
    },
    {
      "name": "Noida",
      "coordinate": {
        "latitude": 28.515432357788,
        "longitude": 77.374786376953
      },
      "creation_timestamp": 1641049826
    },
    {
      "name": "Noida",
      "coordinate": {
        "latitude": 28.520971298218,
        "longitude": 77.37328338623
      },
      "creation_timestamp": 1641048072
    },
    {
      "name": "Noida",
      "coordinate": {
        "latitude": 28.525882720947,
        "longitude": 77.365791320801
      },
      "creation_timestamp": 1641047756
    },
    {
      "name": "Noida",
      "coordinate": {
        "latitude": 28.52890586853,
        "longitude": 77.358505249023
      },
      "creation_timestamp": 1641046297
    },
    {
      "name": "Noida",
      "coordinate": {
        "latitude": 28.528240203857,
        "longitude": 77.353096008301
      },
      "creation_timestamp": 1641044491
    },
    {
      "name": "Noida",
      "coordinate": {
        "latitude": 28.520233154297,
        "longitude": 77.355995178223
      },
      "creation_timestamp": 1641042409
    },
    {
      "name": "Noida",
      "coordinate": {
        "latitude": 28.515253067017,
        "longitude": 77.345664978027
      },
      "creation_timestamp": 1641040826
    },
    {
      "name": "Delhi",
      "coordinate": {
        "latitude": 28.512474060059,
        "longitude": 77.338760375977
      },
      "creation_timestamp": 1641039402
    },
    {
      "name": "Noida",
      "coordinate": {
        "latitude": 28.51789855957,
        "longitude": 77.349670410156
      },
      "creation_timestamp": 1641037953
    },
    {
      "name": "Noida",
      "coordinate": {
        "latitude": 28.511264801025,
        "longitude": 77.35668182373
      },
      "creation_timestamp": 1641036852
    },
    {
      "name": "Noida",
      "coordinate": {
        "latitude": 28.505117416382,
        "longitude": 77.374382019043
      },
      "creation_timestamp": 1641029293
    },
    {
      "name": "Noida",
      "coordinate": {
        "latitude": 28.503084182739,
        "longitude": 77.379928588867
      },
      "creation_timestamp": 1640989031
    },
    {
      "name": "Noida",
      "coordinate": {
        "latitude": 28.502944946289,
        "longitude": 77.379837036133
      },
      "creation_timestamp": 1640973863
    },
    {
      "name": "Noida",
      "coordinate": {
        "latitude": 28.504005432129,
        "longitude": 77.378120422363
      },
      "creation_timestamp": 1640971359
    },
    {
      "name": "Noida",
      "coordinate": {
        "latitude": 28.510185241699,
        "longitude": 77.376586914062
      },
      "creation_timestamp": 1640844192
    },
    {
      "name": "Noida",
      "coordinate": {
        "latitude": 28.502927780151,
        "longitude": 77.379844665527
      },
      "creation_timestamp": 1640841663
    },
    {
      "name": "Noida",
      "coordinate": {
        "latitude": 28.503107070923,
        "longitude": 77.379669189453
      },
      "creation_timestamp": 1640711656
    },
    {
      "name": "Noida",
      "coordinate": {
        "latitude": 28.503841400146,
        "longitude": 77.378234863281
      },
      "creation_timestamp": 1640711223
    },
    {
      "name": "Noida",
      "coordinate": {
        "latitude": 28.503004074097,
        "longitude": 77.379821777344
      },
      "creation_timestamp": 1640702073
    },
    {
      "name": "Noida",
      "coordinate": {
        "latitude": 28.509521484375,
        "longitude": 77.375511169434
      },
      "creation_timestamp": 1640699168
    },
    {
      "name": "Noida",
      "coordinate": {
        "latitude": 28.510566711426,
        "longitude": 77.369338989258
      },
      "creation_timestamp": 1640698089
    },
    {
      "name": "Noida",
      "coordinate": {
        "latitude": 28.509315490723,
        "longitude": 77.361190795898
      },
      "creation_timestamp": 1640690670
    },
    {
      "name": "Noida",
      "coordinate": {
        "latitude": 28.504270553589,
        "longitude": 77.379837036133
      },
      "creation_timestamp": 1640077959
    },
    {
      "name": "Noida",
      "coordinate": {
        "latitude": 28.512369155884,
        "longitude": 77.381607055664
      },
      "creation_timestamp": 1640077246
    },
    {
      "name": "Noida",
      "coordinate": {
        "latitude": 28.514188766479,
        "longitude": 77.376991271973
      },
      "creation_timestamp": 1640075710
    },
    {
      "name": "Noida",
      "coordinate": {
        "latitude": 28.51135635376,
        "longitude": 77.376152038574
      },
      "creation_timestamp": 1640073442
    },
    {
      "name": "Noida",
      "coordinate": {
        "latitude": 28.516651153564,
        "longitude": 77.376022338867
      },
      "creation_timestamp": 1640070120
    },
    {
      "name": "Noida",
      "coordinate": {
        "latitude": 28.515649795532,
        "longitude": 77.372940063477
      },
      "creation_timestamp": 1640070087
    },
    {
      "name": "Noida",
      "coordinate": {
        "latitude": 28.513078689575,
        "longitude": 77.372428894043
      },
      "creation_timestamp": 1640069136
    },
    {
      "name": "Noida",
      "coordinate": {
        "latitude": 28.513717651367,
        "longitude": 77.37572479248
      },
      "creation_timestamp": 1640067303
    },
    {
      "name": "Noida",
      "coordinate": {
        "latitude": 28.509881973267,
        "longitude": 77.376731872559
      },
      "creation_timestamp": 1640066348
    },
    {
      "name": "Noida",
      "coordinate": {
        "latitude": 28.503040313721,
        "longitude": 77.379341125488
      },
      "creation_timestamp": 1640053654
    },
    {
      "name": "Noida",
      "coordinate": {
        "latitude": 28.502977371216,
        "longitude": 77.379905700684
      },
      "creation_timestamp": 1640007694
    },
    {
      "name": "Noida",
      "coordinate": {
        "latitude": 28.502967834473,
        "longitude": 77.379852294922
      },
      "creation_timestamp": 1640006820
    },
    {
      "name": "Noida",
      "coordinate": {
        "latitude": 28.503734588623,
        "longitude": 77.381767272949
      },
      "creation_timestamp": 1640006238
    },
    {
      "name": "Noida",
      "coordinate": {
        "latitude": 28.503587722778,
        "longitude": 77.384872436523
      },
      "creation_timestamp": 1640003758
    },
    {
      "name": "Noida",
      "coordinate": {
        "latitude": 28.5036277771,
        "longitude": 77.375694274902
      },
      "creation_timestamp": 1639999730
    },
    {
      "name": "Delhi",
      "coordinate": {
        "latitude": 28.51117515564,
        "longitude": 77.339065551758
      },
      "creation_timestamp": 1639996226
    },
    {
      "name": "Noida",
      "coordinate": {
        "latitude": 28.51957321167,
        "longitude": 77.344787597656
      },
      "creation_timestamp": 1639993873
    },
    {
      "name": "Delhi",
      "coordinate": {
        "latitude": 28.512702941895,
        "longitude": 77.33821105957
      },
      "creation_timestamp": 1639991466
    },
    {
      "name": "Noida",
      "coordinate": {
        "latitude": 28.515329360962,
        "longitude": 77.347145080566
      },
      "creation_timestamp": 1639990855
    },
    {
      "name": "Noida",
      "coordinate": {
        "latitude": 28.508087158203,
        "longitude": 77.364463806152
      },
      "creation_timestamp": 1639988636
    },
    {
      "name": "Noida",
      "coordinate": {
        "latitude": 28.509687423706,
        "longitude": 77.368408203125
      },
      "creation_timestamp": 1639988576
    },
    {
      "name": "Noida",
      "coordinate": {
        "latitude": 28.513854980469,
        "longitude": 77.375991821289
      },
      "creation_timestamp": 1639986738
    },
    {
      "name": "Noida",
      "coordinate": {
        "latitude": 28.510227203369,
        "longitude": 77.376930236816
      },
      "creation_timestamp": 1639986090
    },
    {
      "name": "Noida",
      "coordinate": {
        "latitude": 28.503671646118,
        "longitude": 77.37816619873
      },
      "creation_timestamp": 1639985085
    },
    {
      "name": "Noida",
      "coordinate": {
        "latitude": 28.50248336792,
        "longitude": 77.379981994629
      },
      "creation_timestamp": 1639972750
    },
    {
      "name": "Noida",
      "coordinate": {
        "latitude": 28.505220413208,
        "longitude": 77.38159942627
      },
      "creation_timestamp": 1639966875
    },
    {
      "name": "Noida",
      "coordinate": {
        "latitude": 28.503486633301,
        "longitude": 77.377716064453
      },
      "creation_timestamp": 1639965356
    },
    {
      "name": "Noida",
      "coordinate": {
        "latitude": 28.502950668335,
        "longitude": 77.3798828125
      },
      "creation_timestamp": 1639903560
    },
    {
      "name": "Noida",
      "coordinate": {
        "latitude": 28.502960205078,
        "longitude": 77.380386352539
      },
      "creation_timestamp": 1639889159
    },
    {
      "name": "Noida",
      "coordinate": {
        "latitude": 28.50274848938,
        "longitude": 77.382415771484
      },
      "creation_timestamp": 1639889099
    },
    {
      "name": "Noida",
      "coordinate": {
        "latitude": 28.50414276123,
        "longitude": 77.380912780762
      },
      "creation_timestamp": 1639885007
    },
    {
      "name": "Noida",
      "coordinate": {
        "latitude": 28.507564544678,
        "longitude": 77.383491516113
      },
      "creation_timestamp": 1639884947
    },
    {
      "name": "Noida",
      "coordinate": {
        "latitude": 28.50489616394,
        "longitude": 77.384147644043
      },
      "creation_timestamp": 1639882863
    },
    {
      "name": "Noida",
      "coordinate": {
        "latitude": 28.50269317627,
        "longitude": 77.37922668457
      },
      "creation_timestamp": 1639882491
    },
    {
      "name": "Noida",
      "coordinate": {
        "latitude": 28.504787445068,
        "longitude": 77.371711730957
      },
      "creation_timestamp": 1639881747
    },
    {
      "name": "Noida",
      "coordinate": {
        "latitude": 28.503873825073,
        "longitude": 77.376762390137
      },
      "creation_timestamp": 1639881687
    },
    {
      "name": "Noida",
      "coordinate": {
        "latitude": 28.503015518188,
        "longitude": 77.379699707031
      },
      "creation_timestamp": 1639848931
    },
    {
      "name": "Noida",
      "coordinate": {
        "latitude": 28.502996444702,
        "longitude": 77.379898071289
      },
      "creation_timestamp": 1639805119
    },
    {
      "name": "Noida",
      "coordinate": {
        "latitude": 28.502262115479,
        "longitude": 77.381950378418
      },
      "creation_timestamp": 1639800153
    },
    {
      "name": "Noida",
      "coordinate": {
        "latitude": 28.50298500061,
        "longitude": 77.379943847656
      },
      "creation_timestamp": 1639775684
    }
  ]
}