{
  "name": "Cover photos",
  "photos": [
    {
      "uri": "posts/media/Coverphotos_84E5_jEVbQ/267363908_106891121855660_4519542407031740557_n_106891071855665.jpg",
      "creation_timestamp": 1639773191,
      "media_metadata": {
        "photo_metadata": {
          "exif_data": [
            {
              "upload_ip": "103.77.2.19",
              "taken_timestamp": 1639773192,
              "orientation": 1
            }
          ]
        }
      },
      "title": "Cover photos"
    }
  ],
  "cover_photo": {
    "uri": "posts/media/Coverphotos_84E5_jEVbQ/267363908_106891121855660_4519542407031740557_n_106891071855665.jpg",
    "creation_timestamp": 1639773191,
    "media_metadata": {
      "photo_metadata": {
        "exif_data": [
          {
            "upload_ip": "103.77.2.19",
            "taken_timestamp": 1639773192,
            "orientation": 1
          }
        ]
      }
    },
    "title": "Cover photos"
  },
  "last_modified_timestamp": 1639773192,
  "description": ""
}