{
  "address_book_v2": {
    "address_book": [
      {
        "name": "Account Info",
        "details": [
          
        ],
        "created_timestamp": 1643196556,
        "updated_timestamp": 1643292700
      },
      {
        "name": "RailEnquiry",
        "details": [
          
        ],
        "created_timestamp": 1643196556,
        "updated_timestamp": 1643292700
      },
      {
        "name": "Police",
        "details": [
          
        ],
        "created_timestamp": 1643196556,
        "updated_timestamp": 1643292700
      },
      {
        "name": "Ambulance",
        "details": [
          
        ],
        "created_timestamp": 1643196556,
        "updated_timestamp": 1643292700
      },
      {
        "name": "Fire",
        "details": [
          
        ],
        "created_timestamp": 1643196556,
        "updated_timestamp": 1643292700
      },
      {
        "name": "Owner",
        "details": [
          {
            "contact_point": "+919771716095"
          }
        ],
        "created_timestamp": 1643104877,
        "updated_timestamp": 1643292700
      },
      {
        "name": "Tanmay",
        "details": [
          {
            "contact_point": "+917000772942"
          },
          {
            "contact_point": "+918233602613"
          },
          {
            "contact_point": "+918955007660"
          }
        ],
        "created_timestamp": 1642754787,
        "updated_timestamp": 1643292700
      },
      {
        "name": "Manoj mama",
        "details": [
          {
            "contact_point": "+919967578342"
          },
          {
            "contact_point": "+919969198412"
          },
          {
            "contact_point": "+959890992785"
          }
        ],
        "created_timestamp": 1642754787,
        "updated_timestamp": 1643292700
      },
      {
        "name": "Nana",
        "details": [
          {
            "contact_point": "+918318575763"
          },
          {
            "contact_point": "+919450787969"
          }
        ],
        "created_timestamp": 1641411389,
        "updated_timestamp": 1643292700
      },
      {
        "name": "Sarun Kerala",
        "details": [
          
        ],
        "created_timestamp": 1639626546,
        "updated_timestamp": 1643292700
      },
      {
        "name": "Kosmos FMG",
        "details": [
          {
            "contact_point": "+918512038444"
          },
          {
            "contact_point": "+918512038555"
          }
        ],
        "created_timestamp": 1639626546,
        "updated_timestamp": 1643292700
      },
      {
        "name": "Rishi Mama",
        "details": [
          {
            "contact_point": "+917007689180"
          },
          {
            "contact_point": "+917235001346"
          },
          {
            "contact_point": "+918604678444"
          },
          {
            "contact_point": "+919450579317"
          },
          {
            "contact_point": "+919696773701"
          }
        ],
        "created_timestamp": 1639626546,
        "updated_timestamp": 1643292700
      },
      {
        "name": "Suryakant Bhaiya Hci",
        "details": [
          
        ],
        "created_timestamp": 1639626546,
        "updated_timestamp": 1643292700
      },
      {
        "name": "Sharad Fico",
        "details": [
          
        ],
        "created_timestamp": 1639626546,
        "updated_timestamp": 1643292700
      },
      {
        "name": "Evershine",
        "details": [
          
        ],
        "created_timestamp": 1639626546,
        "updated_timestamp": 1643292700
      },
      {
        "name": "Vishnu Ganesh",
        "details": [
          {
            "contact_point": "+4915145098737"
          },
          {
            "contact_point": "+4917645885249"
          }
        ],
        "created_timestamp": 1639626546,
        "updated_timestamp": 1643292700
      },
      {
        "name": "Naveen Veeravalli",
        "details": [
          {
            "contact_point": "+919494062810"
          }
        ],
        "created_timestamp": 1639626546,
        "updated_timestamp": 1643292700
      },
      {
        "name": "Home",
        "details": [
          {
            "contact_point": "+917672260422"
          },
          {
            "contact_point": "+917987781334"
          },
          {
            "contact_point": "+918770449397"
          },
          {
            "contact_point": "+919424617722"
          },
          {
            "contact_point": "+919424617775"
          },
          {
            "contact_point": "+919993460020"
          }
        ],
        "created_timestamp": 1639626546,
        "updated_timestamp": 1643292700
      },
      {
        "name": "Tauji",
        "details": [
          {
            "contact_point": "+919006129841"
          }
        ],
        "created_timestamp": 1639626546,
        "updated_timestamp": 1643292700
      },
      {
        "name": "Prateek Rastogi",
        "details": [
          {
            "contact_point": "+918743885528"
          }
        ],
        "created_timestamp": 1639626546,
        "updated_timestamp": 1643292700
      },
      {
        "name": "Evergreen Restaurant",
        "details": [
          {
            "contact_point": "+918750355500"
          }
        ],
        "created_timestamp": 1639626546,
        "updated_timestamp": 1643292700
      },
      {
        "name": "Nani",
        "details": [
          {
            "contact_point": "+919450141531"
          },
          {
            "contact_point": "+919818532427"
          }
        ],
        "created_timestamp": 1639626546,
        "updated_timestamp": 1643292700
      },
      {
        "name": "BeNaughty",
        "details": [
          {
            "contact_point": "admin@benaughty.com"
          }
        ],
        "created_timestamp": 1639626546,
        "updated_timestamp": 1643292700
      },
      {
        "name": "Nitin Mama",
        "details": [
          {
            "contact_point": "+918447734452"
          },
          {
            "contact_point": "+919044725989"
          },
          {
            "contact_point": "+919871593192"
          },
          {
            "contact_point": "+919990345280"
          }
        ],
        "created_timestamp": 1639626546,
        "updated_timestamp": 1643292700
      },
      {
        "name": "Abhishek Mehra",
        "details": [
          {
            "contact_point": "+918351031211"
          },
          {
            "contact_point": "+919810204797"
          }
        ],
        "created_timestamp": 1639626546,
        "updated_timestamp": 1643292700
      },
      {
        "name": "Pratik Hora",
        "details": [
          
        ],
        "created_timestamp": 1639626546,
        "updated_timestamp": 1643292700
      },
      {
        "name": "N. Medhi Notary",
        "details": [
          
        ],
        "created_timestamp": 1639626546,
        "updated_timestamp": 1643292700
      },
      {
        "name": "Jio-Tele-verification Helpline",
        "details": [
          
        ],
        "created_timestamp": 1639626546,
        "updated_timestamp": 1643292700
      },
      {
        "name": "Railways",
        "details": [
          
        ],
        "created_timestamp": 1639626546,
        "updated_timestamp": 1643292700
      },
      {
        "name": "comway",
        "details": [
          {
            "contact_point": "+917290919694"
          },
          {
            "contact_point": "+917290968839"
          },
          {
            "contact_point": "+919450161795"
          },
          {
            "contact_point": "+919650039718"
          }
        ],
        "created_timestamp": 1639626546,
        "updated_timestamp": 1643292700
      },
      {
        "name": "Shobhit",
        "details": [
          {
            "contact_point": "+917304475193"
          }
        ],
        "created_timestamp": 1639626546,
        "updated_timestamp": 1643292700
      },
      {
        "name": "Harsh Vardhan",
        "details": [
          {
            "contact_point": "+918890920793"
          }
        ],
        "created_timestamp": 1639626546,
        "updated_timestamp": 1643292700
      },
      {
        "name": "Rohan",
        "details": [
          {
            "contact_point": "+919881381497"
          }
        ],
        "created_timestamp": 1639626546,
        "updated_timestamp": 1643292700
      },
      {
        "name": "Kudra Tauji",
        "details": [
          {
            "contact_point": "+916206935611"
          },
          {
            "contact_point": "+919006129841"
          }
        ],
        "created_timestamp": 1639626546,
        "updated_timestamp": 1643292700
      },
      {
        "name": "Tiffin",
        "details": [
          {
            "contact_point": "+919548671445"
          }
        ],
        "created_timestamp": 1639626546,
        "updated_timestamp": 1643292700
      },
      {
        "name": "Jio-General Helpline",
        "details": [
          
        ],
        "created_timestamp": 1639626546,
        "updated_timestamp": 1643292700
      },
      {
        "name": "Gas Delivery",
        "details": [
          {
            "contact_point": "+917530933715"
          }
        ],
        "created_timestamp": 1639626546,
        "updated_timestamp": 1643292700
      },
      {
        "name": "Spandhana Cook Srikant",
        "details": [
          
        ],
        "created_timestamp": 1639626546,
        "updated_timestamp": 1643292700
      },
      {
        "name": "Deependra Jewaria",
        "details": [
          {
            "contact_point": "+917014448491"
          }
        ],
        "created_timestamp": 1639626546,
        "updated_timestamp": 1643292700
      }
    ]
  }
}