{
  "profile_updates_v2": [
    {
      "timestamp": 1639773144,
      "attachments": [
        {
          "data": [
            {
              "media": {
                "uri": "posts/media/Profilepictures_KuJas2ZAcg/269093681_106890861855686_749224487918609566_n_106890865189019.jpg",
                "creation_timestamp": 1639773144,
                "media_metadata": {
                  "photo_metadata": {
                    "exif_data": [
                      {
                        "upload_ip": "103.77.2.19",
                        "taken_timestamp": 1639773146
                      }
                    ]
                  }
                },
                "title": "Profile pictures"
              }
            }
          ]
        }
      ],
      "title": "Prateek Rastogi updated his profile picture."
    }
  ]
}