{
  "profile_v2": {
    "name": {
      "full_name": "Prateek Rastogi",
      "first_name": "Prateek",
      "middle_name": "",
      "last_name": "Rastogi"
    },
    "emails": {
      "emails": [
        "prtk6592@gmail.com"
      ],
      "previous_emails": [
        
      ],
      "pending_emails": [
        
      ],
      "ad_account_emails": [
        
      ]
    },
    "birthday": {
      "year": 1992,
      "month": 5,
      "day": 6
    },
    "gender": {
      "gender_option": "MALE",
      "pronoun": "MALE"
    },
    "previous_names": [
      
    ],
    "other_names": [
      
    ],
    "education_experiences": [
      
    ],
    "work_experiences": [
      
    ],
    "blood_info": {
      "blood_donor_status": "unregistered"
    },
    "websites": [
      
    ],
    "phone_numbers": [
      {
        "phone_type": "Mobile",
        "phone_number": "+918743885528",
        "verified": true
      }
    ],
    "registration_timestamp": 1639626518,
    "profile_uri": "https://www.facebook.com/profile.php?id=100076043173780"
  }
}