{
  "language_and_locale_v2": [
    {
      "name": "Language settings",
      "description": "Your preferred language settings",
      "children": [
        {
          "name": "Selected language",
          "description": "The language that you've chosen for your Facebook experience",
          "entries": [
            {
              "data": {
                "value": "en_GB"
              }
            }
          ]
        }
      ]
    },
    {
      "name": "Preferred language for videos",
      "description": "The preferred language for videos, as determined by videos you've previously viewed",
      "entries": [
        {
          "data": {
            "value": "en"
          }
        }
      ]
    },
    {
      "name": "Preferred language",
      "description": "Your preferred languages as determined by your activity on Facebook",
      "entries": [
        {
          "data": {
            "value": "en_XX"
          }
        }
      ]
    }
  ]
}