{
  "notifications_v2": [
    {
      "timestamp": 1648295877,
      "unread": true,
      "href": "https://www.facebook.com/support/?item_id=144424401435665&ref_medium=alerts_page&ref=notif&notif_t=actor_feedback",
      "text": "Your post goes against our Community Standards, so only you can see it. See options."
    },
    {
      "timestamp": 1648295825,
      "unread": true,
      "href": "https://www.facebook.com/support/?item_id=144424401435665&ref_medium=alerts_page&ref=notif&notif_t=actor_feedback",
      "text": "Your post goes against our Community Standards, so only you can see it. See options."
    },
    {
      "timestamp": 1648390913,
      "unread": true,
      "href": "",
      "text": "Page posted a new video that you may like"
    },
    {
      "timestamp": 1648390913,
      "unread": true,
      "href": "",
      "text": "Page posted a new video that you may like"
    },
    {
      "timestamp": 1648341201,
      "unread": true,
      "href": "",
      "text": "Page posted a new video that you may like"
    },
    {
      "timestamp": 1648341201,
      "unread": true,
      "href": "",
      "text": "Page posted a new video that you may like"
    },
    {
      "timestamp": 1648260156,
      "unread": true,
      "href": "",
      "text": "Page posted a new video that you may like"
    },
    {
      "timestamp": 1648192039,
      "unread": true,
      "href": "",
      "text": "Page posted a new video that you may like"
    },
    {
      "timestamp": 1648087080,
      "unread": true,
      "href": "",
      "text": "Page posted a new video that you may like"
    },
    {
      "timestamp": 1648062865,
      "unread": true,
      "href": "",
      "text": "Page posted a new video that you may like"
    },
    {
      "timestamp": 1648062865,
      "unread": true,
      "href": "",
      "text": "Page posted a new video that you may like"
    },
    {
      "timestamp": 1648049269,
      "unread": true,
      "href": "",
      "text": "Page posted a new video that you may like"
    },
    {
      "timestamp": 1648039139,
      "unread": true,
      "href": "",
      "text": "Page posted a new video that you may like"
    },
    {
      "timestamp": 1648035289,
      "unread": true,
      "href": "",
      "text": "Page posted a new video that you may like"
    },
    {
      "timestamp": 1647976437,
      "unread": true,
      "href": "",
      "text": "Page posted a new video that you may like"
    },
    {
      "timestamp": 1647960160,
      "unread": true,
      "href": "",
      "text": "Page posted a new video that you may like"
    },
    {
      "timestamp": 1647912279,
      "unread": true,
      "href": "",
      "text": "Page posted a new video that you may like"
    },
    {
      "timestamp": 1647892648,
      "unread": true,
      "href": "",
      "text": "Page posted a new video that you may like"
    }
  ]
}