{
  "archive_v2": [
    {
      "timestamp": 1647716297,
      "data": [
        {
          "post": "|=|\u00c2\u00a6=\u00c2\u00a6"
        }
      ],
      "title": "Prateek Rastogi updated his status."
    },
    {
      "timestamp": 1647763711,
      "data": [
        {
          "post": "Water is Electron for Electrification."
        }
      ],
      "title": "Prateek Rastogi updated his status."
    },
    {
      "timestamp": 1648013339,
      "data": [
        {
          "post": "5.5G psi dBm"
        }
      ],
      "title": "Prateek Rastogi updated his status."
    }
  ]
}