{
  "trash_v2": [
    {
      "timestamp": 1648280529,
      "data": [
        {
          "post": "20 X-256 6G"
        }
      ],
      "title": "Prateek Rastogi updated his status."
    },
    {
      "timestamp": 1648217345,
      "data": [
        {
          "post": "gitlab 5G 32-BiT"
        }
      ],
      "title": "Prateek Rastogi updated his status."
    },
    {
      "timestamp": 1648217296,
      "data": [
        {
          "post": "gitee 5G 16-BiT"
        }
      ],
      "title": "Prateek Rastogi updated his status."
    },
    {
      "timestamp": 1648089440,
      "data": [
        {
          "post": "QPED GPS SATA"
        }
      ],
      "title": "Prateek Rastogi updated his status."
    },
    {
      "timestamp": 1648066571,
      "data": [
        {
          "post": "TemperaTure = Value of Gravity"
        }
      ],
      "title": "Prateek Rastogi updated his status."
    },
    {
      "timestamp": 1648028810,
      "data": [
        {
          "post": "==="
        }
      ],
      "title": "Prateek Rastogi updated his status."
    },
    {
      "timestamp": 1648015162,
      "data": [
        {
          "post": "IoT 5.5G"
        }
      ],
      "title": "Prateek Rastogi updated his status."
    },
    {
      "timestamp": 1647855629,
      "data": [
        {
          "post": "water'"
        }
      ],
      "title": "Prateek Rastogi updated his status."
    },
    {
      "timestamp": 1647757168,
      "data": [
        {
          "post": "="
        }
      ],
      "title": "Prateek Rastogi updated his status."
    },
    {
      "timestamp": 1647743751,
      "data": [
        {
          "post": "GAIA-X [ MEMS ]"
        }
      ],
      "title": "Prateek Rastogi updated his status."
    },
    {
      "timestamp": 1647736645,
      "data": [
        {
          "post": "IEE SaTelliTe"
        }
      ],
      "title": "Prateek Rastogi updated his status."
    },
    {
      "timestamp": 1647718140,
      "data": [
        {
          "post": "SEMICONDUCTOR ( AUSTRALIA )"
        }
      ],
      "title": "Prateek Rastogi updated his status."
    },
    {
      "timestamp": 1647663680,
      "data": [
        {
          "post": "=="
        }
      ],
      "title": "Prateek Rastogi updated his status."
    },
    {
      "timestamp": 1647663586,
      "attachments": [
        {
          "data": [
            {
              "external_context": {
                "url": "http://amap.com/"
              }
            }
          ]
        }
      ],
      "data": [
        {
          "post": "( Amap.com ) 5G"
        },
        {
          "update_timestamp": 1647663586
        }
      ]
    },
    {
      "timestamp": 1647663310,
      "data": [
        {
          "post": "( one.one.one.one ) API"
        }
      ],
      "title": "Prateek Rastogi updated his status."
    },
    {
      "timestamp": 1647631680,
      "attachments": [
        {
          "data": [
            {
              "external_context": {
                "url": "http://0.0.0.0/"
              }
            }
          ]
        }
      ],
      "data": [
        {
          "post": "CVV 0.0.0.0"
        },
        {
          "update_timestamp": 1647631680
        }
      ]
    },
    {
      "timestamp": 1647631622,
      "attachments": [
        {
          "data": [
            {
              "external_context": {
                "url": "http://0.0.0.0/"
              }
            }
          ]
        }
      ],
      "data": [
        {
          "post": "CVV 0.0.0.0"
        },
        {
          "update_timestamp": 1647631622
        }
      ]
    },
    {
      "timestamp": 1647438948,
      "data": [
        {
          "post": "local national train"
        }
      ],
      "title": "Prateek Rastogi updated his status."
    }
  ]
}